_step,losses/mse_loss,metrics/l0,metrics/explained_variance
9,13.961079597473145,373.128173828125,-0.4465411901473999
19,5.540807723999023,619.008056640625,0.4229736924171448
29,3.4952239990234375,757.28759765625,0.6370231509208679
39,2.5384397506713867,856.528564453125,0.73613041639328
49,1.8782622814178467,911.493896484375,0.8021867275238037
59,1.2951290607452393,932.135986328125,0.8650111556053162
69,0.84088134765625,942.7568359375,0.9125710129737854
79,0.5075925588607788,948.41357421875,0.9469304084777832
89,0.3054010570049286,950.455322265625,0.968075156211853
99,0.18482515215873718,948.44775390625,0.9805806875228882
109,0.11612369120121002,944.354736328125,0.9877504706382751
119,0.07782623171806335,935.101806640625,0.9919097423553467
129,0.057578448206186295,920.45263671875,0.9939553737640381
139,0.04449419677257538,899.21630859375,0.9953520894050598
149,0.040005624294281006,870.92333984375,0.9957867860794067
159,0.04020646959543228,838.39208984375,0.9958177804946899
169,0.042419638484716415,810.842529296875,0.9955887794494629
179,0.044110722839832306,788.016357421875,0.9954965710639954
189,0.043800365179777145,772.19189453125,0.9954186677932739
199,0.04733606427907944,756.880615234375,0.995118260383606
209,0.04462195932865143,743.66552734375,0.9953590631484985
219,0.046413108706474304,729.183837890625,0.9952648878097534
229,0.044476188719272614,718.82080078125,0.9952813386917114
239,0.04612851142883301,706.699951171875,0.9951974749565125
249,0.045731015503406525,697.005126953125,0.9952395558357239
259,0.04294801503419876,687.498046875,0.9954448342323303
269,0.044122956693172455,678.039306640625,0.9953763484954834
279,0.04153178632259369,669.78564453125,0.995577335357666
289,0.041778407990932465,659.38525390625,0.9956074357032776
299,0.04170191287994385,651.383544921875,0.995632529258728
309,0.042661190032958984,643.696533203125,0.9954982995986938
319,0.04143085330724716,635.56494140625,0.9956896305084229
329,0.04040256887674332,627.90478515625,0.9957876205444336
339,0.040189437568187714,620.405517578125,0.9958208799362183
349,0.03960813954472542,613.205810546875,0.9958721995353699
359,0.03931780159473419,605.37255859375,0.9958378076553345
369,0.040015533566474915,599.084716796875,0.9958670139312744
379,0.03917396813631058,591.908203125,0.9959149360656738
389,0.038193777203559875,584.540283203125,0.9959841966629028
399,0.03839455544948578,578.686279296875,0.9959826469421387
409,0.03809962421655655,572.872802734375,0.9960171580314636
419,0.03799457475543022,566.119140625,0.9960382580757141
429,0.038055792450904846,559.842041015625,0.9959879517555237
439,0.03701525181531906,553.837646484375,0.9961005449295044
449,0.03657298907637596,548.5478515625,0.9961612224578857
459,0.036892179399728775,542.77978515625,0.9961236715316772
469,0.03646598756313324,537.18310546875,0.9961399435997009
479,0.03673982620239258,531.759521484375,0.9961798787117004
489,0.036756500601768494,526.3681640625,0.9961755275726318
499,0.036103688180446625,521.663330078125,0.9962286949157715
509,0.03592163696885109,516.551513671875,0.9962447285652161
519,0.03599582985043526,511.12451171875,0.9961855411529541
529,0.03601059317588806,506.7763671875,0.9962548017501831
539,0.03648223727941513,502.430908203125,0.9962071180343628
549,0.03555916249752045,498.390625,0.9963010549545288
559,0.035437118262052536,493.12353515625,0.9962568283081055
569,0.03632192313671112,489.462646484375,0.9962319731712341
579,0.03566506877541542,485.772216796875,0.9963299632072449
589,0.03560294210910797,480.979248046875,0.9962712526321411
599,0.03496575355529785,477.00244140625,0.9963527321815491
609,0.0358765572309494,473.26171875,0.9962676167488098
619,0.03515524044632912,469.381103515625,0.9963490962982178
629,0.035119570791721344,465.3486328125,0.9963379502296448
639,0.03474125266075134,461.865966796875,0.9963859915733337
649,0.034744493663311005,458.457763671875,0.9963766932487488
659,0.033824652433395386,454.276611328125,0.996418297290802
669,0.03413467854261398,450.900634765625,0.9963767528533936
679,0.03467500954866409,447.803955078125,0.9963470101356506
689,0.0343686118721962,444.449951171875,0.9963866472244263
699,0.03515545278787613,441.66259765625,0.9963644742965698
709,0.034769557416439056,438.3544921875,0.9963927268981934
719,0.0341026596724987,434.842529296875,0.9964216947555542
729,0.034061893820762634,432.53515625,0.9964454770088196
739,0.03410979360342026,429.017578125,0.9964150786399841
749,0.03403127193450928,426.158935546875,0.9964426755905151
759,0.033889755606651306,423.298828125,0.9964299201965332
769,0.034010112285614014,421.116943359375,0.9964636564254761
779,0.03422907739877701,418.73095703125,0.9964568018913269
789,0.03440050035715103,414.927978515625,0.9963966012001038
799,0.03427678346633911,413.099365234375,0.996463418006897
809,0.03409580886363983,409.557861328125,0.996441662311554
819,0.03415310010313988,407.304931640625,0.996444046497345
829,0.034231215715408325,404.720458984375,0.9964274764060974
839,0.033633604645729065,402.246826171875,0.996475338935852
849,0.03410542383790016,399.282470703125,0.9964146614074707
859,0.033634401857852936,396.71435546875,0.9964457154273987
869,0.034091223031282425,394.4765625,0.9964315295219421
879,0.033583346754312515,392.39306640625,0.9964874386787415
889,0.03388816863298416,390.120849609375,0.9964442849159241
899,0.03384493291378021,388.013427734375,0.9964655041694641
909,0.034193359315395355,386.085205078125,0.996427595615387
919,0.03393595665693283,383.6884765625,0.9964697360992432
929,0.03368296101689339,381.01416015625,0.9964524507522583
939,0.03356537967920303,379.019287109375,0.9965057373046875
949,0.03391551971435547,377.2021484375,0.9964476823806763
959,0.033671408891677856,374.528564453125,0.9964340925216675
969,0.033511705696582794,372.674560546875,0.9964742660522461
979,0.03365962207317352,370.55615234375,0.9964761137962341
989,0.03335954248905182,368.87109375,0.9965205788612366
999,0.03365422785282135,367.340087890625,0.9965004324913025
1009,0.03362631797790527,364.89892578125,0.996476411819458
1019,0.03343135118484497,364.15966796875,0.9964806437492371
1029,0.03344535827636719,363.738525390625,0.9965491890907288
1039,0.033629678189754486,361.7529296875,0.9964895844459534
1049,0.033299610018730164,359.692138671875,0.9965165853500366
1059,0.03341367840766907,358.107421875,0.9965277314186096
1069,0.033626727759838104,355.996826171875,0.9965194463729858
1079,0.033570412546396255,352.498046875,0.9964518547058105
1089,0.033167630434036255,350.8466796875,0.9965077042579651
1099,0.03324835002422333,348.928955078125,0.9965395331382751
1109,0.03297460079193115,347.016845703125,0.9965270161628723
1119,0.03333722800016403,345.53076171875,0.9965652823448181
1129,0.03318610042333603,342.78662109375,0.9965338110923767
1139,0.03369581699371338,341.009765625,0.9965267181396484
1149,0.033596910536289215,338.784912109375,0.9965135455131531
1159,0.033591024577617645,336.671630859375,0.9964823722839355
1169,0.033476538956165314,334.938720703125,0.9964908957481384
1179,0.033488258719444275,332.755126953125,0.9964221119880676
1189,0.033395230770111084,331.95166015625,0.9965091347694397
1199,0.03392743319272995,330.2392578125,0.9964941740036011
1209,0.03339475020766258,328.5361328125,0.9964923858642578
1219,0.0330653041601181,326.04443359375,0.9965046048164368
1229,0.03315604105591774,324.978759765625,0.9965379238128662
1239,0.03366226702928543,324.12744140625,0.9965293407440186
1249,0.03327786177396774,321.903076171875,0.9965283274650574
1259,0.03328073024749756,319.7109375,0.9965168833732605
1269,0.03314828872680664,317.92724609375,0.9965002536773682
1279,0.03321214020252228,316.392333984375,0.9965174794197083
1289,0.03362615406513214,315.5234375,0.9965348243713379
1299,0.03321551904082298,313.635986328125,0.9965115189552307
1309,0.03328932076692581,312.2412109375,0.9965466856956482
1319,0.03338627889752388,311.223388671875,0.9965425133705139
1329,0.03296875208616257,308.5322265625,0.9965112209320068
1339,0.033187396824359894,308.4267578125,0.9965681433677673
1349,0.03342482075095177,306.16357421875,0.9965057969093323
1359,0.03328832611441612,303.9423828125,0.9964960217475891
1369,0.033735595643520355,303.47900390625,0.9965111017227173
1379,0.033259354531764984,301.52587890625,0.996512770652771
1389,0.033248115330934525,300.3779296875,0.9965324997901917
1399,0.0329817496240139,298.24658203125,0.9965090155601501
1409,0.033444613218307495,296.93017578125,0.9965026378631592
1419,0.033286966383457184,295.709716796875,0.9965274333953857
1429,0.03289065510034561,294.193115234375,0.9965329170227051
1439,0.03307811915874481,293.084228515625,0.9965299367904663
1449,0.03302329033613205,291.552001953125,0.9965386390686035
1459,0.03328758478164673,290.614990234375,0.9965574741363525
1469,0.03299626708030701,288.040771484375,0.9965087175369263
1479,0.03297630324959755,287.433349609375,0.9965790510177612
1489,0.03278901427984238,285.740966796875,0.9965630769729614
1499,0.03311750665307045,285.024658203125,0.996549665927887
1509,0.0330033004283905,283.01611328125,0.9965401887893677
1519,0.03301868215203285,281.989013671875,0.9965590834617615
1529,0.0333755761384964,281.1181640625,0.9965226054191589
1539,0.03314848244190216,279.58154296875,0.9965525269508362
1549,0.03277786821126938,278.2236328125,0.9965689182281494
1559,0.032860808074474335,276.50048828125,0.9965559244155884
1569,0.03304734081029892,275.197265625,0.9965072274208069
1579,0.03336165100336075,274.267822265625,0.9965400695800781
1589,0.03290305286645889,272.66259765625,0.9965438842773438
1599,0.03269844129681587,270.7919921875,0.9965407252311707
1609,0.032779112458229065,269.371826171875,0.9965305328369141
1619,0.03301557898521423,269.05810546875,0.9965828061103821
1629,0.033247340470552444,267.35546875,0.9965408444404602
1639,0.03264191746711731,265.466552734375,0.996566653251648
1649,0.0330517403781414,264.6962890625,0.9965532422065735
1659,0.032796718180179596,262.916015625,0.9965416789054871
1669,0.03299637883901596,262.25146484375,0.9965533018112183
1679,0.032797157764434814,260.80029296875,0.9965634942054749
1689,0.03307616710662842,259.36669921875,0.9965531229972839
1699,0.03281296789646149,257.4560546875,0.9965137243270874
1709,0.032779302448034286,256.44287109375,0.9965518116950989
1719,0.032832324504852295,255.970458984375,0.9965728521347046
1729,0.03323684632778168,254.96484375,0.996573269367218
1739,0.03291519358754158,252.834716796875,0.9965533018112183
1749,0.03272956237196922,251.769775390625,0.9965561628341675
1759,0.03303142637014389,250.505615234375,0.9965327978134155
1769,0.03257498890161514,249.689453125,0.9966074824333191
1779,0.03291773051023483,248.83251953125,0.9965749382972717
1789,0.032603919506073,247.141357421875,0.9965652823448181
1799,0.03259778395295143,245.899658203125,0.9965445399284363
1809,0.033132947981357574,244.84912109375,0.9965339303016663
1819,0.03252663463354111,243.83154296875,0.9965868592262268
1829,0.032519321888685226,242.213623046875,0.9965330958366394
1839,0.0330522358417511,241.009765625,0.9965420961380005
1849,0.03254939615726471,240.02294921875,0.9965885281562805
1859,0.03284434974193573,239.26611328125,0.996544361114502
1869,0.03300315886735916,238.609375,0.9965817928314209
1879,0.032689884305000305,236.374755859375,0.9965522289276123
1889,0.032806672155857086,236.006103515625,0.9966057538986206
1899,0.03272440284490585,234.06884765625,0.9965587258338928
1909,0.03275291621685028,233.017333984375,0.9965544939041138
1919,0.03231086954474449,232.13671875,0.9965952038764954
1929,0.032572198659181595,231.019287109375,0.9965962171554565
1939,0.03234570100903511,230.201171875,0.996601402759552
1949,0.0326930433511734,229.255859375,0.9966052770614624
1959,0.03225591033697128,227.070556640625,0.9965896606445312
1969,0.032548606395721436,226.508544921875,0.9965729117393494
1979,0.0325002484023571,225.7587890625,0.9965925812721252
1989,0.0322035551071167,225.180908203125,0.996662974357605
1999,0.032388266175985336,223.634033203125,0.9966140389442444
2009,0.03210681676864624,221.7822265625,0.996613621711731
2019,0.03249567002058029,221.3017578125,0.9966001510620117
2029,0.032206691801548004,220.0087890625,0.9966279864311218
2039,0.032630033791065216,218.712158203125,0.9965967535972595
2049,0.0318644754588604,218.23876953125,0.9966538548469543
2059,0.03249041363596916,217.6943359375,0.9966421127319336
2069,0.03201790153980255,215.9501953125,0.9966364502906799
2079,0.03183506056666374,215.001953125,0.9967191815376282
2089,0.032084014266729355,213.94140625,0.9966729879379272
2099,0.03219913691282272,212.09814453125,0.9965937733650208
2109,0.031909674406051636,211.78662109375,0.9967027902603149
2119,0.031818732619285583,210.778076171875,0.9966617822647095
2129,0.03178558871150017,209.831298828125,0.9966902136802673
2139,0.03170349448919296,209.1474609375,0.9967239499092102
2149,0.03176106885075569,207.007568359375,0.996654212474823
2159,0.031693026423454285,206.245361328125,0.9967065453529358
2169,0.031462736427783966,205.082763671875,0.9966852068901062
2179,0.031195320188999176,204.204345703125,0.9967288970947266
2189,0.03132551908493042,204.157470703125,0.9967495203018188
2199,0.03132551163434982,202.025146484375,0.9967018365859985
2209,0.0317850187420845,201.1708984375,0.9966719746589661
2219,0.031491540372371674,200.3896484375,0.9967003464698792
2229,0.03096500039100647,199.32763671875,0.9967557191848755
2239,0.03094835951924324,198.215576171875,0.9967525601387024
2249,0.030631840229034424,197.414306640625,0.996791660785675
2259,0.0308113731443882,196.27099609375,0.9967758655548096
2269,0.030842240899801254,195.527587890625,0.9967854619026184
2279,0.03071107156574726,194.740234375,0.9968300461769104
2289,0.030033893883228302,192.373779296875,0.996795654296875
2299,0.03028382547199726,192.399658203125,0.99680495262146
2309,0.030130408704280853,191.72021484375,0.996852457523346
2319,0.029939983040094376,190.607177734375,0.9969135522842407
2329,0.029954489320516586,189.560791015625,0.996890127658844
2339,0.029569244012236595,188.24755859375,0.996899425983429
2349,0.029663311317563057,187.5595703125,0.9969055652618408
2359,0.029906276613473892,186.17529296875,0.9968374967575073
2369,0.02962280623614788,185.512939453125,0.9969045519828796
2379,0.029631376266479492,184.458984375,0.9968960881233215
2389,0.028985075652599335,183.26611328125,0.9969414472579956
2399,0.029152970761060715,182.584228515625,0.9969450235366821
2409,0.02894604206085205,182.045166015625,0.9969951510429382
2419,0.02889789268374443,180.873046875,0.9969732165336609
2429,0.02905295602977276,180.17724609375,0.9969791769981384
2439,0.028613826259970665,178.44189453125,0.9969729781150818
2449,0.02861063927412033,177.35791015625,0.9969984292984009
2459,0.028293579816818237,176.381103515625,0.9969871044158936
2469,0.02857894077897072,176.063720703125,0.9970191717147827
2479,0.028064824640750885,175.08447265625,0.9970634579658508
2489,0.028219353407621384,173.531982421875,0.9970352053642273
2499,0.02815254032611847,172.595947265625,0.9970197677612305
2509,0.028019677847623825,171.70361328125,0.9970605373382568
2519,0.02774248644709587,171.00048828125,0.9971144795417786
2529,0.027371976524591446,169.401123046875,0.9971020817756653
2539,0.027241524308919907,168.83154296875,0.9971395134925842
2549,0.02745446190237999,167.807373046875,0.9971544742584229
2559,0.026733407750725746,166.8515625,0.9971933960914612
2569,0.026882335543632507,166.205322265625,0.9972067475318909
2579,0.026709869503974915,165.244873046875,0.9972250461578369
2589,0.02665741741657257,163.470458984375,0.9971745014190674
2599,0.026492655277252197,163.2607421875,0.9972420930862427
2609,0.025918111205101013,162.1796875,0.9972889423370361
2619,0.02600862644612789,161.007080078125,0.997260332107544
2629,0.025959154590964317,160.0458984375,0.997283399105072
2639,0.025741633027791977,159.75634765625,0.997299313545227
2649,0.025513291358947754,158.464599609375,0.9973560571670532
2659,0.025366652756929398,157.267333984375,0.9973758459091187
2669,0.025135528296232224,156.2568359375,0.9973569512367249
2679,0.024935629218816757,155.947265625,0.9974144101142883
2689,0.024906877428293228,154.478515625,0.9973945021629333
2699,0.024669552221894264,153.780029296875,0.9974175095558167
2709,0.024204779416322708,152.737548828125,0.9974620342254639
2719,0.02410885877907276,152.0400390625,0.9975075721740723
2729,0.023685293272137642,150.76123046875,0.9974961876869202
2739,0.023660464212298393,149.84814453125,0.9975233674049377
2749,0.023723993450403214,148.866943359375,0.9975197911262512
2759,0.02336099185049534,148.09814453125,0.9975414872169495
2769,0.02327502705156803,146.92333984375,0.9975669384002686
2779,0.023134469985961914,146.3310546875,0.9976139664649963
2789,0.022905193269252777,145.467041015625,0.9976250529289246
2799,0.022509250789880753,144.556396484375,0.9976502656936646
2809,0.02254391461610794,143.709228515625,0.9976682066917419
2819,0.022742539644241333,142.625244140625,0.997631311416626
2829,0.02219008468091488,142.158935546875,0.9976868629455566
2839,0.021782955154776573,140.93896484375,0.9977277517318726
2849,0.021705372259020805,140.376953125,0.9977354407310486
2859,0.021636884659528732,139.105224609375,0.9977280497550964
2869,0.021655071526765823,138.1982421875,0.9977499842643738
2879,0.021307654678821564,137.639892578125,0.9977723956108093
2889,0.021743860095739365,136.98291015625,0.9977297186851501
2899,0.020868532359600067,136.16552734375,0.9978132247924805
2909,0.02096530795097351,134.742919921875,0.9978058934211731
2919,0.020319074392318726,134.060546875,0.9978650808334351
2929,0.020223038271069527,133.839599609375,0.9978771805763245
2939,0.02040850929915905,132.5361328125,0.9978675246238708
2949,0.019930250942707062,131.855224609375,0.9979018568992615
2959,0.020080948248505592,131.2353515625,0.997901976108551
2969,0.019671687856316566,130.353271484375,0.9979310035705566
2979,0.019853070378303528,129.434814453125,0.9979190826416016
2989,0.019526056945323944,128.952392578125,0.9979729652404785
2999,0.019067758694291115,128.358642578125,0.9979992508888245
3009,0.01910320669412613,127.4228515625,0.997996985912323
3019,0.018931731581687927,126.5634765625,0.998011589050293
3029,0.018813490867614746,126.03955078125,0.9980191588401794
3039,0.018519088625907898,125.2255859375,0.9980562329292297
3049,0.018397467210888863,124.315185546875,0.9980634450912476
3059,0.018124781548976898,124.063720703125,0.9980965852737427
3069,0.01781359314918518,122.885498046875,0.998129665851593
3079,0.017853740602731705,122.0693359375,0.998120903968811
3089,0.017579495906829834,121.37744140625,0.9981351494789124
3099,0.0174491535872221,120.70361328125,0.998164713382721
3109,0.017419397830963135,120.56591796875,0.9982073903083801
3119,0.01736895740032196,119.03955078125,0.998179018497467
3129,0.016941333189606667,118.012939453125,0.9981933832168579
3139,0.016849299892783165,117.80126953125,0.998237133026123
3149,0.016504429280757904,116.904541015625,0.9982622861862183
3159,0.0164711382240057,116.197509765625,0.9982617497444153
3169,0.01627403125166893,115.43017578125,0.9982845187187195
3179,0.016110602766275406,114.85400390625,0.9983113408088684
3189,0.015983469784259796,114.324462890625,0.9983391165733337
3199,0.015869267284870148,113.219970703125,0.99834805727005
3209,0.01550188660621643,112.94140625,0.9983786344528198
3219,0.015314584597945213,111.85986328125,0.9984103441238403
3229,0.015090315602719784,111.091552734375,0.9984242916107178
3239,0.014769628643989563,110.468994140625,0.9984511733055115
3249,0.014850462786853313,109.772705078125,0.9984546899795532
3259,0.014530263841152191,109.051513671875,0.9984827637672424
3269,0.014249525964260101,108.77978515625,0.9985074996948242
3279,0.01438998058438301,107.6474609375,0.9984951019287109
3289,0.014050590805709362,107.2421875,0.998526394367218
3299,0.013597877696156502,106.55908203125,0.9985841512680054
3309,0.013681870885193348,105.8564453125,0.9985637068748474
3319,0.013287636451423168,104.97314453125,0.9986089468002319
3329,0.013115603476762772,104.50341796875,0.9986151456832886
3339,0.013308629393577576,103.955078125,0.9986065626144409
3349,0.013026086613535881,103.014892578125,0.9986377358436584
3359,0.012898620218038559,102.77978515625,0.9986535310745239
3369,0.012553390115499496,102.2412109375,0.9987012147903442
3379,0.012151527218520641,101.255615234375,0.998721718788147
3389,0.012117006815969944,101.041259765625,0.9987288117408752
3399,0.012041473761200905,100.53125,0.9987440705299377
3409,0.011737765744328499,99.70703125,0.9987536072731018
3419,0.011898266151547432,99.552734375,0.9987596273422241
3429,0.011532317847013474,98.795654296875,0.9987906813621521
3439,0.011373475193977356,98.334716796875,0.9988150000572205
3449,0.011175332590937614,97.895751953125,0.9988235831260681
3459,0.011154861189424992,97.516357421875,0.9988378882408142
3469,0.01105074118822813,96.975830078125,0.9988419413566589
3479,0.011037908494472504,96.506591796875,0.998852550983429
3489,0.010727787390351295,96.07421875,0.9988741278648376
3499,0.010618388652801514,95.71630859375,0.9988878965377808
3509,0.010512769222259521,95.246826171875,0.9988988637924194
3519,0.010506552644073963,94.858154296875,0.9988963603973389
3529,0.01026531495153904,94.6748046875,0.998924732208252
3539,0.010215910151600838,93.980224609375,0.9989286065101624
3549,0.010185988619923592,93.803955078125,0.9989376664161682
3559,0.00986544694751501,93.548095703125,0.9989787340164185
3569,0.009925520047545433,92.800048828125,0.9989687204360962
3579,0.009583480656147003,92.37451171875,0.9989954233169556
3589,0.009804168716073036,91.901123046875,0.9989684820175171
3599,0.009483499452471733,91.620361328125,0.9990075826644897
3609,0.009745907038450241,91.189208984375,0.9989862442016602
3619,0.009244627319276333,90.790771484375,0.9990332722663879
3629,0.00905426125973463,90.484619140625,0.9990475177764893
3639,0.008987728506326675,90.008544921875,0.9990601539611816
3649,0.008901162073016167,89.730224609375,0.9990690350532532
3659,0.009028501808643341,89.153076171875,0.9990561008453369
3669,0.008746466599404812,88.784423828125,0.9990828633308411
3679,0.008746840991079807,88.415283203125,0.9990946650505066
3689,0.008521372452378273,88.080078125,0.999103844165802
3699,0.008429307490587234,87.5751953125,0.999127209186554
3709,0.008217799477279186,87.0947265625,0.9991330504417419
3719,0.008240661583840847,86.890869140625,0.9991427063941956
3729,0.007978363893926144,86.62060546875,0.9991693496704102
3739,0.008044821210205555,85.828857421875,0.9991495609283447
3749,0.007985707372426987,85.780029296875,0.9991618990898132
3759,0.007714505307376385,85.314453125,0.9991931915283203
3769,0.007888100109994411,85.130859375,0.9991763830184937
3779,0.007551620714366436,84.81591796875,0.9992062449455261
3789,0.007519513368606567,84.5107421875,0.9992110729217529
3799,0.00742332125082612,84.34521484375,0.9992213249206543
3809,0.007285320665687323,84.088134765625,0.999242901802063
3819,0.00715240091085434,83.654296875,0.9992461800575256
3829,0.007074317894876003,83.40478515625,0.9992477297782898
3839,0.0071214111521840096,83.22314453125,0.9992555379867554
3849,0.0069297924637794495,83.056396484375,0.9992726445198059
3859,0.006842769682407379,83.05615234375,0.9992848634719849
3869,0.00696517014876008,82.57080078125,0.9992689490318298
3879,0.006938436068594456,82.462158203125,0.9992876052856445
3889,0.0067313071340322495,82.281005859375,0.9992979168891907
3899,0.006770007312297821,81.84765625,0.9992823600769043
3909,0.006708777975291014,81.745849609375,0.9992994070053101
3919,0.006662189029157162,81.504150390625,0.9993030428886414
3929,0.006571376696228981,81.23974609375,0.9993133544921875
3939,0.006487670820206404,80.97216796875,0.9993237853050232
3949,0.006559691391885281,80.630859375,0.9993146061897278
3959,0.006315983831882477,80.242431640625,0.9993289709091187
3969,0.006357518024742603,80.12890625,0.9993307590484619
3979,0.006096469238400459,79.790771484375,0.9993651509284973
3989,0.0062182070687413216,79.504638671875,0.9993507862091064
3999,0.006124360486865044,79.1728515625,0.9993528723716736
4009,0.005861641373485327,79.022216796875,0.9993823170661926
4019,0.005893058143556118,78.5458984375,0.9993756413459778
4029,0.005788141395896673,78.411376953125,0.9993880987167358
4039,0.005763855762779713,78.300537109375,0.9993967413902283
4049,0.00567952636629343,78.079345703125,0.9994053244590759
4059,0.0058900960721075535,77.80126953125,0.9993768930435181
4069,0.005685212090611458,77.7607421875,0.9994040727615356
4079,0.005537666380405426,77.571044921875,0.9994222521781921
4089,0.005578711628913879,77.420654296875,0.9994186162948608
4099,0.0054549286141991615,77.310791015625,0.999427318572998
4109,0.005462259985506535,77.2294921875,0.999432384967804
4119,0.005346933379769325,76.979736328125,0.9994356036186218
4129,0.00535973533987999,76.9716796875,0.9994365572929382
4139,0.005362631753087044,76.92529296875,0.9994430541992188
4149,0.0053471773862838745,76.60107421875,0.9994446039199829
4159,0.005282249301671982,76.52294921875,0.9994386434555054
4169,0.005222712643444538,76.404541015625,0.999448299407959
4179,0.005333431996405125,76.51123046875,0.9994496703147888
4189,0.005250285379588604,76.189208984375,0.9994462728500366
4199,0.005255220457911491,76.068359375,0.9994538426399231
4209,0.005100691691040993,76.126708984375,0.999470055103302
4219,0.005080387461930513,75.92822265625,0.9994687438011169
4229,0.005042108241468668,75.975341796875,0.9994770288467407
4239,0.005089319311082363,75.905517578125,0.9994685649871826
4249,0.0049742767587304115,75.89013671875,0.9994790554046631
4259,0.004948840010911226,75.87744140625,0.9994838833808899
4269,0.0049620140343904495,75.5380859375,0.9994795918464661
4279,0.004951857030391693,75.472900390625,0.999485969543457
4289,0.004829592537134886,75.359375,0.9994961023330688
4299,0.004846570082008839,75.245361328125,0.9994859099388123
4309,0.004731976427137852,74.999755859375,0.9995014071464539
4319,0.004756168462336063,75.049072265625,0.99949711561203
4329,0.004735642112791538,74.92236328125,0.9994979500770569
4339,0.004628756083548069,74.801025390625,0.9995138049125671
4349,0.004814215004444122,74.80517578125,0.9995006322860718
4359,0.004603958688676357,74.587890625,0.9995158910751343
4369,0.004694508388638496,74.55712890625,0.9995108842849731
4379,0.004593434743583202,74.41650390625,0.9995153546333313
4389,0.004742437973618507,74.308349609375,0.9995065927505493
4399,0.004543805029243231,74.386962890625,0.9995244741439819
4409,0.004688343033194542,74.285888671875,0.9995079636573792
4419,0.004577158950269222,73.983642578125,0.9995189905166626
4429,0.004608070477843285,73.9755859375,0.9995198249816895
4439,0.004509893711656332,73.812744140625,0.9995286464691162
4449,0.004584436304867268,73.61572265625,0.9995223879814148
4459,0.004384852014482021,73.399658203125,0.9995346665382385
4469,0.004345817491412163,73.524169921875,0.9995453953742981
4479,0.004383442923426628,73.279541015625,0.9995414018630981
4489,0.004417311400175095,73.27392578125,0.9995394945144653
4499,0.0043877591378986835,73.090576171875,0.999540388584137
4509,0.004559270106256008,72.809326171875,0.9995179772377014
4519,0.004382890183478594,72.758544921875,0.9995423555374146
4529,0.004367958754301071,72.6904296875,0.9995399117469788
4539,0.004217677749693394,72.5087890625,0.9995566606521606
4549,0.004151877947151661,72.42041015625,0.9995628595352173
4559,0.004059755243360996,72.15576171875,0.9995717406272888
4569,0.003994892816990614,72.1552734375,0.9995816349983215
4579,0.003945804201066494,72.108154296875,0.9995935559272766
4589,0.003999202512204647,71.840087890625,0.9995790123939514
4599,0.003938409965485334,71.76904296875,0.9995827078819275
4609,0.0038865585811436176,71.738525390625,0.9995941519737244
4619,0.004070221446454525,71.763916015625,0.999573290348053
4629,0.004025275353342295,71.67041015625,0.9995802044868469
4639,0.003923838958144188,71.514404296875,0.9995896816253662
4649,0.003928212448954582,71.653564453125,0.999592661857605
4659,0.0038774118293076754,71.522216796875,0.9995942711830139
4669,0.0038883874658495188,71.490478515625,0.9995903372764587
4679,0.003807185683399439,71.42724609375,0.9996026158332825
4689,0.003828642191365361,71.393798828125,0.9996020197868347
4699,0.0038330508396029472,71.358154296875,0.9996001720428467
4709,0.003762662410736084,71.335693359375,0.9996099472045898
4719,0.003828988876193762,71.230712890625,0.9995982646942139
4729,0.0038144488353282213,71.155029296875,0.999599814414978
4739,0.003738565370440483,71.3203125,0.9996105432510376
4749,0.0037397644482553005,71.114990234375,0.9996106028556824
4759,0.0037598994094878435,71.041259765625,0.9996069669723511
4769,0.003758346661925316,70.959716796875,0.9996103644371033
4779,0.00376510014757514,70.996337890625,0.9996106028556824
4789,0.0037315962836146355,70.854248046875,0.9996135234832764
4799,0.0037946898955851793,70.8828125,0.9996038675308228
4809,0.003736351151019335,70.890625,0.9996051788330078
4819,0.0037003534380346537,70.89404296875,0.9996134638786316
4829,0.0037664957344532013,70.7451171875,0.9996068477630615
4839,0.003591115353628993,71.007080078125,0.9996268153190613
4849,0.0036352165043354034,70.74072265625,0.9996175169944763
4859,0.0035621747374534607,70.68505859375,0.9996247887611389
4869,0.0037553829606622458,70.84326171875,0.9996122121810913
4879,0.003592168213799596,70.8447265625,0.9996248483657837
4889,0.0035623707808554173,70.665283203125,0.9996276497840881
4899,0.003614563262090087,70.623291015625,0.9996235370635986
4909,0.0034011665266007185,70.485595703125,0.999642014503479
4919,0.0034268018789589405,70.432373046875,0.9996371865272522
4929,0.003413696773350239,70.42236328125,0.9996374845504761
4939,0.0034446977078914642,70.638671875,0.9996442794799805
4949,0.003474966622889042,70.387451171875,0.9996370077133179
4959,0.003347066231071949,70.486572265625,0.9996505975723267
4969,0.003420045366510749,70.263427734375,0.999636709690094
4979,0.003364789765328169,70.300537109375,0.999647855758667
4989,0.0033877468667924404,70.231689453125,0.9996392726898193
4999,0.0033346302807331085,70.296875,0.9996486306190491
5009,0.003378750290721655,70.171630859375,0.9996494650840759
5019,0.0033841514959931374,70.24462890625,0.9996455311775208
5029,0.003417660016566515,70.214599609375,0.999639630317688
5039,0.0033265375532209873,70.170654296875,0.9996516108512878
5049,0.0032856836915016174,70.361328125,0.999654233455658
5059,0.0033425986766815186,70.218017578125,0.9996441006660461
5069,0.0033746848348528147,70.278076171875,0.9996519088745117
5079,0.0032998572569340467,70.103515625,0.9996524453163147
5089,0.0033308491110801697,70.143798828125,0.9996541738510132
5099,0.003277471987530589,70.11474609375,0.9996596574783325
5109,0.003341072704643011,70.170654296875,0.9996514320373535
5119,0.003165281843394041,70.26220703125,0.999672532081604
5129,0.003163400571793318,70.126220703125,0.9996663928031921
5139,0.003154190955683589,70.068115234375,0.9996676445007324
5149,0.003260631812736392,70.00244140625,0.999653697013855
5159,0.003265633247792721,70.117431640625,0.999654233455658
5169,0.003200510051101446,70.048095703125,0.9996649622917175
5179,0.003311444539576769,70.15966796875,0.9996505379676819
5189,0.003200152423232794,70.0517578125,0.9996669292449951
5199,0.003181591397151351,70.012451171875,0.9996651411056519
5209,0.003225358435884118,69.983154296875,0.9996628165245056
5219,0.003054628614336252,70.154541015625,0.9996829032897949
5229,0.003082352690398693,70.042236328125,0.9996770620346069
5239,0.003077210858464241,70.0068359375,0.9996767640113831
5249,0.003087963443249464,70.191650390625,0.9996775984764099
5259,0.0031923919450491667,69.931396484375,0.9996657371520996
5269,0.0031620929948985577,69.962646484375,0.9996688365936279
5279,0.003177605103701353,69.977294921875,0.9996659159660339
5289,0.0031309768091887236,69.905029296875,0.9996702075004578
5299,0.0031662676483392715,70.0234375,0.9996734857559204
5309,0.0031247856095433235,69.89697265625,0.9996711611747742
5319,0.0030206567607820034,69.925537109375,0.9996833205223083
5329,0.0030674422159790993,69.83447265625,0.9996771812438965
5339,0.0029706009663641453,69.89404296875,0.9996848702430725
5349,0.003095638006925583,69.906982421875,0.9996703863143921
5359,0.0030772648751735687,69.896728515625,0.9996793270111084
5369,0.002964332466945052,69.921142578125,0.9996907711029053
5379,0.0029897119384258986,69.99853515625,0.9996894001960754
5389,0.003105779178440571,69.90234375,0.9996790289878845
5399,0.0029592313803732395,69.97607421875,0.9996917247772217
5409,0.0029322006739676,69.767822265625,0.9996916651725769
5419,0.0029708566144108772,69.808837890625,0.9996899962425232
5429,0.0029217381961643696,69.738037109375,0.9996939897537231
5439,0.002971080131828785,69.743408203125,0.999687671661377
5449,0.002993788570165634,69.65087890625,0.9996859431266785
5459,0.002898542210459709,69.7197265625,0.9996973276138306
5469,0.0029210729990154505,69.471923828125,0.99969083070755
5479,0.0029761826153844595,69.564453125,0.9996913075447083
5489,0.0029259193688631058,69.659912109375,0.9996940493583679
5499,0.00304223271086812,69.259765625,0.9996798634529114
5509,0.0028622527606785297,69.346435546875,0.9997003078460693
5519,0.00283513474278152,69.172119140625,0.9997025728225708
5529,0.0028458533342927694,69.042724609375,0.999701201915741
5539,0.0028667962178587914,68.953125,0.9997029304504395
5549,0.0028361021541059017,68.99658203125,0.9997029304504395
5559,0.002804405987262726,68.691162109375,0.9997071623802185
5569,0.0027601555921137333,68.7470703125,0.9997087121009827
5579,0.0027545583434402943,68.6171875,0.999709963798523
5589,0.002744915196672082,68.69384765625,0.9997144937515259
5599,0.0026819990016520023,68.72412109375,0.9997211694717407
5609,0.002721969038248062,68.72705078125,0.9997151494026184
5619,0.00282335770316422,68.57568359375,0.9997069835662842
5629,0.0026678862050175667,68.725341796875,0.9997233748435974
5639,0.0028606026899069548,68.411865234375,0.9997016191482544
5649,0.002839622087776661,68.5439453125,0.9997057914733887
5659,0.00265676761046052,68.479736328125,0.9997182488441467
5669,0.0027552954852581024,68.408203125,0.9997128248214722
5679,0.002730017062276602,68.4365234375,0.9997143149375916
5689,0.002742841374129057,68.36376953125,0.9997153878211975
5699,0.00271341810002923,68.320068359375,0.9997157454490662
5709,0.0027380490209907293,68.16064453125,0.9997127056121826
5719,0.0026734033599495888,68.170166015625,0.9997215270996094
5729,0.002619317267090082,68.14306640625,0.9997280836105347
5739,0.002680809935554862,67.86572265625,0.9997202157974243
5749,0.0025992379523813725,68.050048828125,0.9997262954711914
5759,0.002691824920475483,67.7890625,0.9997162222862244
5769,0.0026027122512459755,67.9912109375,0.999731719493866
5779,0.002592996694147587,67.75,0.9997270107269287
5789,0.00263795698992908,67.634765625,0.9997226595878601
5799,0.0026704110205173492,67.701171875,0.9997240900993347
5809,0.002589732874184847,67.529052734375,0.9997313022613525
5819,0.002564747352153063,67.454833984375,0.9997316002845764
5829,0.0026196723338216543,67.364013671875,0.9997241497039795
5839,0.0026134236250072718,67.252685546875,0.9997285008430481
5849,0.0025247596204280853,67.12451171875,0.9997343420982361
5859,0.002458906499668956,67.23095703125,0.9997416734695435
5869,0.002529549179598689,67.025146484375,0.9997352957725525
5879,0.0024226107634603977,67.12060546875,0.9997485280036926
5889,0.0025202911347150803,66.870849609375,0.9997356534004211
5899,0.0025238313246518373,66.853759765625,0.9997327923774719
5909,0.0025253386702388525,66.919189453125,0.9997361302375793
5919,0.002442014869302511,66.7490234375,0.9997453689575195
5929,0.002575587248429656,66.729736328125,0.9997288584709167
5939,0.0023398599587380886,66.727783203125,0.9997535347938538
5949,0.0024298145435750484,66.83740234375,0.9997478723526001
5959,0.002523571951314807,66.8515625,0.999739408493042
5969,0.002470963401719928,66.672607421875,0.9997420310974121
5979,0.0026085563004016876,66.72509765625,0.9997294545173645
5989,0.002428322797641158,66.544189453125,0.9997493028640747
5999,0.0023616994731128216,66.609375,0.9997515678405762
6009,0.002443889155983925,66.533447265625,0.9997438788414001
6019,0.002414275426417589,66.65673828125,0.9997470378875732
6029,0.002530547557398677,66.546875,0.9997352957725525
6039,0.0023297443985939026,66.7392578125,0.9997559785842896
6049,0.0024086409248411655,66.593505859375,0.9997484683990479
6059,0.0023390441201627254,66.60791015625,0.9997530579566956
6069,0.002435131696984172,66.535888671875,0.9997451901435852
6079,0.002480634953826666,66.5107421875,0.9997409582138062
6089,0.0023735901340842247,66.5361328125,0.9997542500495911
6099,0.0023589530028402805,66.61279296875,0.999751627445221
6109,0.002277533058077097,66.563232421875,0.999760627746582
6119,0.0023411265574395657,66.540771484375,0.9997561573982239
6129,0.0023149698972702026,66.594970703125,0.9997601509094238
6139,0.0023791047278791666,66.573486328125,0.9997488260269165
6149,0.0024486028123646975,66.42578125,0.9997407793998718
6159,0.002278107451274991,66.5927734375,0.9997620582580566
6169,0.0023877217900007963,66.421875,0.9997506141662598
6179,0.0024019055999815464,66.3662109375,0.9997507333755493
6189,0.0024405275471508503,66.511474609375,0.9997470378875732
6199,0.0023481324315071106,66.5263671875,0.9997567534446716
6209,0.0023249154910445213,66.470458984375,0.999756395816803
6219,0.002325044944882393,66.501953125,0.9997570514678955
6229,0.0023392513394355774,66.331298828125,0.9997538328170776
6239,0.002332418691366911,66.255615234375,0.9997573494911194
6249,0.002335523720830679,66.388671875,0.9997562170028687
6259,0.0022353478707373142,66.356689453125,0.9997661113739014
6269,0.0021917829290032387,66.322998046875,0.9997711777687073
6279,0.002291874960064888,66.077880859375,0.9997593760490417
6289,0.002229750622063875,66.1171875,0.9997650384902954
6299,0.002200248185545206,66.080078125,0.9997669458389282
6309,0.0022384440526366234,66.2373046875,0.9997655749320984
6319,0.0021610979456454515,66.1435546875,0.9997729659080505
6329,0.0022674230858683586,66.008544921875,0.9997633695602417
6339,0.0021908357739448547,66.050048828125,0.9997680187225342
6349,0.002181645482778549,66.0283203125,0.9997707605361938
6359,0.002138595562428236,65.962646484375,0.9997758269309998
6369,0.0020984304137527943,65.976318359375,0.9997801780700684
6379,0.002187909558415413,65.869873046875,0.9997698664665222
6389,0.0021919189020991325,66.108154296875,0.9997707009315491
6399,0.0021714521571993828,65.865234375,0.9997720122337341
6409,0.002155357738956809,65.86181640625,0.999775767326355
6419,0.002183252014219761,65.85791015625,0.9997686147689819
6429,0.0020893244072794914,65.953125,0.999782383441925
6439,0.0021252227015793324,65.880126953125,0.9997795224189758
6449,0.002129525179043412,65.901123046875,0.9997766613960266
6459,0.00219902815297246,65.779296875,0.9997702240943909
6469,0.0021298322826623917,65.798583984375,0.9997791051864624
6479,0.0021253912709653378,65.81494140625,0.9997788071632385
6489,0.0020186612382531166,65.814453125,0.9997888207435608
6499,0.002156437374651432,65.798095703125,0.9997758865356445
6509,0.002047164598479867,65.726806640625,0.9997856616973877
6519,0.0021306246053427458,65.83203125,0.9997755885124207
6529,0.0022076056338846684,65.71044921875,0.9997713565826416
6539,0.0020162605214864016,65.739990234375,0.9997885823249817
6549,0.0020933677442371845,65.585205078125,0.9997791051864624
6559,0.002064929809421301,65.650390625,0.999783456325531
6569,0.0020587074104696512,65.74267578125,0.9997848272323608
6579,0.0021125972270965576,65.49365234375,0.9997774958610535
6589,0.0021468033082783222,65.609130859375,0.9997754693031311
6599,0.0020254021510481834,65.51513671875,0.9997895956039429
6609,0.002042578998953104,65.4755859375,0.9997875690460205
6619,0.0020967680029571056,65.290771484375,0.9997791051864624
6629,0.0020210177171975374,65.51220703125,0.9997878074645996
6639,0.002046454232186079,65.31640625,0.9997842311859131
6649,0.0020465690176934004,65.18701171875,0.9997854232788086
6659,0.0019940505735576153,65.3212890625,0.9997904896736145
6669,0.0019798208959400654,65.259521484375,0.9997946619987488
6679,0.002111405599862337,65.097412109375,0.9997795224189758
6689,0.0019979416392743587,65.05224609375,0.9997907876968384
6699,0.002144649624824524,64.851806640625,0.9997726082801819
6709,0.0019573168829083443,65.049560546875,0.9997953772544861
6719,0.001934403320774436,64.911865234375,0.9997957944869995
6729,0.0019731998909264803,64.77490234375,0.9997933506965637
6739,0.0018553717527538538,64.805419921875,0.9998071789741516
6749,0.0019232481718063354,64.65283203125,0.9997951984405518
6759,0.001878360053524375,64.714111328125,0.9998037815093994
6769,0.0019527040421962738,64.730224609375,0.9997961521148682
6779,0.0019518019398674369,64.7373046875,0.9997979998588562
6789,0.001936298212967813,64.6083984375,0.9997973442077637
6799,0.0019355221884325147,64.579833984375,0.9997962713241577
6809,0.0018737914506345987,64.619384765625,0.9998034238815308
6819,0.0018262214725837111,64.624755859375,0.9998084902763367
6829,0.001890404149889946,64.67724609375,0.999801516532898
6839,0.00186192337423563,64.529296875,0.9998056292533875
6849,0.001904785167425871,64.520263671875,0.9998024106025696
6859,0.0018450466450303793,64.488525390625,0.9998089075088501
6869,0.001803198829293251,64.454833984375,0.9998106956481934
6879,0.0018454495584592223,64.27294921875,0.9998046159744263
6889,0.0017981454730033875,64.3427734375,0.9998117089271545
6899,0.0018775340868160129,64.34912109375,0.9998044967651367
6909,0.0018070642836391926,64.24755859375,0.9998102188110352
6919,0.0018832512432709336,64.22607421875,0.9998025894165039
6929,0.0018724438268691301,64.207763671875,0.9998072981834412
6939,0.0019845098722726107,64.114501953125,0.9997932314872742
6949,0.001855798065662384,64.10400390625,0.9998053312301636
6959,0.0019015864236280322,64.018798828125,0.9998000860214233
6969,0.001760392333380878,64.0908203125,0.9998149871826172
6979,0.0018435139209032059,63.93359375,0.9998070001602173
6989,0.0018388878088444471,64.022705078125,0.9998070001602173
6999,0.0017583859153091908,64.044189453125,0.9998167753219604
7009,0.0017616782570257783,63.907470703125,0.9998148083686829
7019,0.0018269855063408613,64.0234375,0.9998098015785217
7029,0.0017371702706441283,64.04736328125,0.9998196363449097
7039,0.001745192683301866,63.91357421875,0.99981689453125
7049,0.0017408658750355244,63.918212890625,0.9998165965080261
7059,0.0018465869361534715,63.99462890625,0.999808132648468
7069,0.0019303301814943552,63.89599609375,0.9997981190681458
7079,0.0017420521471649408,63.817626953125,0.9998167157173157
7089,0.001784011721611023,63.917724609375,0.9998132586479187
7099,0.0017103387508541346,63.8515625,0.9998205304145813
7109,0.0018482862506061792,63.887939453125,0.9998071193695068
7119,0.0017817954067140818,63.844970703125,0.9998143911361694
7129,0.0018247195985168219,63.959716796875,0.9998103976249695
7139,0.0017641398590058088,63.75439453125,0.9998151063919067
7149,0.0018262309022247791,63.97021484375,0.9998118877410889
7159,0.0017309904797002673,63.810302734375,0.9998184442520142
7169,0.0018224339000880718,63.8173828125,0.9998107552528381
7179,0.0017351566348224878,63.9189453125,0.999818742275238
7189,0.0018121241591870785,63.84765625,0.9998114109039307
7199,0.0017721232725307345,63.808349609375,0.9998126029968262
7209,0.0018115683924406767,63.650390625,0.999810516834259
7219,0.0017482527764514089,63.7607421875,0.9998139142990112
7229,0.0018074468243867159,63.71484375,0.9998093843460083
7239,0.0018265533726662397,63.751220703125,0.9998080730438232
7249,0.0017726910300552845,63.846435546875,0.9998154640197754
7259,0.0018099391600117087,63.822509765625,0.9998112916946411
7269,0.0016948620323091745,63.748046875,0.9998193979263306
7279,0.0018436593236401677,63.8212890625,0.9998083710670471
7289,0.0016899250913411379,63.75634765625,0.999821126461029
7299,0.001724280184134841,63.714111328125,0.9998206496238708
7309,0.0018238702323287725,63.712158203125,0.999809980392456
7319,0.0016495974268764257,63.742919921875,0.9998278021812439
7329,0.001783565734513104,63.789306640625,0.9998119473457336
7339,0.0018913664389401674,63.734375,0.9998015761375427
7349,0.0018098937580361962,63.6845703125,0.9998108744621277
7359,0.0017632839735597372,63.79296875,0.9998148083686829
7369,0.0017855962505564094,63.64111328125,0.9998137354850769
7379,0.0017669578082859516,63.73828125,0.9998143315315247
7389,0.00172880245372653,63.705078125,0.999821126461029
7399,0.0016454877331852913,63.622802734375,0.9998275637626648
7409,0.0017121592536568642,63.636474609375,0.9998191595077515
7419,0.0016288068145513535,63.6796875,0.999826967716217
7429,0.0017511611804366112,63.5625,0.9998172521591187
7439,0.0016228016465902328,63.577880859375,0.9998306632041931
7449,0.001730166608467698,63.541015625,0.9998185038566589
7459,0.0017185027245432138,63.71923828125,0.9998200535774231
7469,0.0016933080041781068,63.614990234375,0.9998238682746887
7479,0.001702417153865099,63.3408203125,0.9998227953910828
7489,0.001718523446470499,63.47509765625,0.9998202919960022
7499,0.0016418180894106627,63.317138671875,0.9998287558555603
7509,0.00174100196454674,63.372802734375,0.9998171925544739
7519,0.0017166879260912538,63.458251953125,0.9998206496238708
7529,0.0016737591940909624,63.302001953125,0.9998238682746887
7539,0.0016573932953178883,63.3388671875,0.9998273253440857
7549,0.0016794425901025534,63.40771484375,0.9998246431350708
7559,0.0016687813913449645,63.32958984375,0.9998245239257812
7569,0.0015904984902590513,63.310302734375,0.9998326301574707
7579,0.001576641108840704,63.294677734375,0.9998347759246826
7589,0.001555165508762002,63.21142578125,0.9998341798782349
7599,0.0015656852629035711,63.073974609375,0.9998345375061035
7609,0.0016511264257133007,63.125732421875,0.9998278021812439
7619,0.0015945822233334184,63.193115234375,0.9998321533203125
7629,0.0016333067324012518,63.103515625,0.9998288154602051
7639,0.0015709636500105262,63.28369140625,0.9998370409011841
7649,0.001638451823964715,63.227783203125,0.9998273253440857
7659,0.0016965825343504548,63.060302734375,0.9998214244842529
7669,0.0015837876126170158,63.0751953125,0.9998330473899841
7679,0.001564296893775463,63.171630859375,0.9998384714126587
7689,0.001574651338160038,63.009033203125,0.9998355507850647
7699,0.001590462401509285,62.95556640625,0.9998316168785095
7709,0.0015482449671253562,63.08447265625,0.9998391270637512
7719,0.0015297472709789872,63.09814453125,0.9998395442962646
7729,0.0015286984853446484,63.0537109375,0.9998400211334229
7739,0.0015271329320967197,63.03564453125,0.9998385906219482
7749,0.0016115866601467133,63.05224609375,0.9998330473899841
7759,0.0015729995211586356,63.037109375,0.9998363256454468
7769,0.0015653675654903054,62.994384765625,0.9998366236686707
7779,0.0016366003546863794,63.056640625,0.9998277425765991
7789,0.0014868341386318207,63.1396484375,0.9998440146446228
7799,0.0016127496492117643,62.963623046875,0.9998300075531006
7809,0.0015267229173332453,63.029541015625,0.9998404383659363
7819,0.0016213544877246022,62.947998046875,0.9998286962509155
7829,0.0016607760917395353,63.00341796875,0.9998264908790588
7839,0.0016438071615993977,63.01171875,0.9998283982276917
7849,0.0015692526940256357,63.045166015625,0.999835729598999
7859,0.0015881473664194345,62.986572265625,0.9998348951339722
7869,0.001603354699909687,62.932373046875,0.9998342394828796
7879,0.0015050010988488793,62.95751953125,0.9998427033424377
7889,0.001585470512509346,62.9306640625,0.999835729598999
7899,0.0015476902481168509,62.941162109375,0.9998391270637512
7909,0.0014588248450309038,62.95654296875,0.9998497366905212
7919,0.0016016002045944333,62.89990234375,0.9998320937156677
7929,0.0015186446253210306,62.86767578125,0.9998412728309631
7939,0.0014464623527601361,62.814697265625,0.9998490810394287
7949,0.0015136669389903545,62.759033203125,0.9998425841331482
7959,0.0014632758684456348,62.824951171875,0.9998459219932556
7969,0.0016556495102122426,62.719482421875,0.9998281598091125
7979,0.001497773453593254,62.7724609375,0.999843180179596
7989,0.0014278556918725371,62.7119140625,0.9998496174812317
7999,0.0014487702865153551,62.880859375,0.9998486042022705
8009,0.0014363215304911137,62.814697265625,0.999849259853363
8019,0.0014972048811614513,62.662353515625,0.999842643737793
8029,0.0014854902401566505,62.68603515625,0.9998450875282288
8039,0.0013726165052503347,62.65380859375,0.9998560547828674
8049,0.0014213654212653637,62.5791015625,0.9998495578765869
8059,0.0014125711750239134,62.61328125,0.9998525381088257
8069,0.0014023089315742254,62.386474609375,0.9998520612716675
8079,0.001407276140525937,62.5615234375,0.9998531937599182
8089,0.0013755976688116789,62.546875,0.99985671043396
8099,0.0014604097232222557,62.573974609375,0.9998475313186646
8109,0.001373535254970193,62.55126953125,0.9998571276664734
8119,0.0013612755574285984,62.47607421875,0.999858021736145
8129,0.0015517149586230516,62.5224609375,0.9998379945755005
8139,0.0013937887270003557,62.472900390625,0.9998544454574585
8149,0.0014664261834695935,62.304443359375,0.9998462796211243
8159,0.0014190974179655313,62.41259765625,0.9998524785041809
8169,0.00142188579775393,62.352294921875,0.999851405620575
8179,0.0014306288212537766,62.292236328125,0.9998493790626526
8189,0.0014445171691477299,62.305419921875,0.9998485445976257
8199,0.0013650916516780853,62.34765625,0.9998562335968018
8209,0.0014046542346477509,62.291748046875,0.9998546242713928
8219,0.0014293795684352517,62.310546875,0.9998506903648376
8229,0.0014608348719775677,62.338134765625,0.9998466372489929
8239,0.0013764726463705301,62.12841796875,0.9998557567596436
8249,0.0014272236730903387,62.286376953125,0.9998524785041809
8259,0.0013802088797092438,62.172607421875,0.9998548626899719
8269,0.0014690689276903868,62.2685546875,0.9998465180397034
8279,0.0014412431046366692,62.18798828125,0.9998487830162048
8289,0.0014579113340005279,62.14501953125,0.9998469948768616
8299,0.0013268771581351757,62.122802734375,0.9998617172241211
8309,0.0015198930632323027,62.0205078125,0.9998398423194885
8319,0.0016051006969064474,61.98486328125,0.9998339414596558
8329,0.0014654593542218208,62.050048828125,0.9998475909233093
8339,0.0014276541769504547,62.07763671875,0.9998515248298645
8349,0.001339961076155305,61.911865234375,0.9998615384101868
8359,0.001409595599398017,61.896240234375,0.999853253364563
8369,0.0015369545435532928,61.890869140625,0.9998411536216736
8379,0.0014881157549098134,61.8583984375,0.9998446702957153
8389,0.0014152543153613806,61.833251953125,0.9998502731323242
8399,0.0014276206493377686,61.805908203125,0.9998512864112854
8409,0.0013744269963353872,61.701904296875,0.9998554587364197
8419,0.001376716885715723,61.612060546875,0.9998568892478943
8429,0.0013297609984874725,61.708984375,0.9998617768287659
8439,0.0012527157086879015,61.689453125,0.9998695254325867
8449,0.00132568774279207,61.579345703125,0.9998623132705688
8459,0.001348309451714158,61.641357421875,0.9998594522476196
8469,0.0013382380129769444,61.404296875,0.9998592138290405
8479,0.0012889367062598467,61.468505859375,0.9998658299446106
8489,0.0013322799932211637,61.37353515625,0.9998615384101868
8499,0.0013790810480713844,61.249267578125,0.9998550415039062
8509,0.0013122903183102608,61.324462890625,0.9998624920845032
8519,0.0012310375459492207,61.291259765625,0.9998704195022583
8529,0.001252510934136808,61.2763671875,0.9998701214790344
8539,0.0013422290794551373,61.271240234375,0.9998601078987122
8549,0.0012902379967272282,61.198974609375,0.9998638033866882
8559,0.001373600447550416,61.206298828125,0.9998570084571838
8569,0.0013284921878948808,61.229736328125,0.9998599886894226
8579,0.0012595376465469599,61.237060546875,0.9998672008514404
8589,0.0012829755432903767,61.121337890625,0.9998644590377808
8599,0.0013107284903526306,61.113037109375,0.9998618960380554
8609,0.0014264124911278486,61.18359375,0.9998498558998108
8619,0.001268914551474154,61.205810546875,0.9998682737350464
8629,0.001286981045268476,61.154296875,0.9998642802238464
8639,0.0012710471637547016,61.064453125,0.9998665452003479
8649,0.0012105375062674284,61.25390625,0.9998723268508911
8659,0.0013588998699560761,61.090576171875,0.9998579621315002
8669,0.0012958359438925982,61.074951171875,0.9998641014099121
8679,0.0013418886810541153,61.155029296875,0.9998595714569092
8689,0.0012360557448118925,61.0126953125,0.9998688101768494
8699,0.0012633887818083167,61.11181640625,0.9998692274093628
8709,0.0013444561045616865,61.08056640625,0.9998586177825928
8719,0.0013660446275025606,61.046875,0.9998564124107361
8729,0.0012251397129148245,61.00634765625,0.9998723864555359
8739,0.0012857704423367977,60.937255859375,0.9998661875724792
8749,0.0011663013137876987,61.03076171875,0.9998792409896851
8759,0.0012490733060985804,60.987060546875,0.9998706579208374
8769,0.001237025368027389,61.0693359375,0.9998709559440613
8779,0.0013300142018124461,60.98681640625,0.9998613595962524
8789,0.001242262776941061,60.855712890625,0.9998682141304016
8799,0.0012221969664096832,60.90625,0.9998711943626404
8809,0.0012626461684703827,60.898193359375,0.9998658895492554
8819,0.0012825487647205591,60.931396484375,0.9998676776885986
8829,0.0013008026871830225,60.906005859375,0.99986332654953
8839,0.001208834582939744,60.83251953125,0.999872624874115
8849,0.0012353882193565369,60.825927734375,0.9998705387115479
8859,0.0012420767452567816,60.837890625,0.9998686909675598
8869,0.0012515170965343714,60.87451171875,0.9998688697814941
8879,0.001297875540331006,60.94482421875,0.9998644590377808
8889,0.0013311343500390649,60.88427734375,0.9998618960380554
8899,0.0013023520587012172,60.90283203125,0.9998626112937927
8909,0.0013448717072606087,60.8955078125,0.9998586773872375
8919,0.0013541535008698702,60.813720703125,0.9998565316200256
8929,0.0012479169527068734,60.73974609375,0.9998680949211121
8939,0.0012900927104055882,60.903564453125,0.9998644590377808
8949,0.0012554656714200974,60.761474609375,0.9998683333396912
8959,0.001250728266313672,60.810302734375,0.999869704246521
8969,0.0011811105068773031,60.7998046875,0.9998758435249329
8979,0.0012628799304366112,60.753662109375,0.9998669624328613
8989,0.001214748714119196,60.81689453125,0.9998735785484314
8999,0.0012528104707598686,60.801025390625,0.9998685717582703
9009,0.0011747885728254914,60.791748046875,0.9998773336410522
9019,0.0012202883372083306,60.83056640625,0.999872088432312
9029,0.0011913925409317017,60.709228515625,0.9998761415481567
9039,0.001223886851221323,60.73779296875,0.9998717904090881
9049,0.0012379387626424432,60.7021484375,0.9998706579208374
9059,0.0011754337465390563,60.755859375,0.9998779892921448
9069,0.0013044829247519374,60.705322265625,0.9998623132705688
9079,0.0012304811971262097,60.79736328125,0.9998717904090881
9089,0.0011880947276949883,60.776611328125,0.9998758435249329
9099,0.0012187294196337461,60.653076171875,0.9998703598976135
9109,0.001274286536499858,60.738037109375,0.9998645186424255
9119,0.0012069124495610595,60.7578125,0.9998732805252075
9129,0.0012124698841944337,60.772705078125,0.9998741149902344
9139,0.0012573284329846501,60.754638671875,0.9998680949211121
9149,0.001151906792074442,60.739013671875,0.9998794794082642
9159,0.0012603809591382742,60.708251953125,0.9998668432235718
9169,0.0012484570033848286,60.6455078125,0.9998710751533508
9179,0.0011242798063904047,60.7255859375,0.9998835325241089
9189,0.0012193543370813131,60.688720703125,0.9998723268508911
9199,0.0012139013269916177,60.656494140625,0.9998740553855896
9209,0.0011487998999655247,60.62255859375,0.9998814463615417
9219,0.001288492465391755,60.55908203125,0.9998646974563599
9229,0.0012321012327447534,60.64892578125,0.9998708367347717
9239,0.001167000737041235,60.63232421875,0.9998785853385925
9249,0.0011765899835154414,60.60986328125,0.9998763799667358
9259,0.0011585624888539314,60.7314453125,0.9998797178268433
9269,0.0011695213615894318,60.629150390625,0.9998778700828552
9279,0.0011645584600046277,60.6865234375,0.9998784065246582
9289,0.001239526434801519,60.64599609375,0.9998698830604553
9299,0.001262475736439228,60.640625,0.9998672604560852
9309,0.0013144242111593485,60.646728515625,0.9998635649681091
9319,0.001332051819190383,60.639892578125,0.9998617172241211
9329,0.0014052365440875292,60.70166015625,0.9998525381088257
9339,0.001286844490095973,60.606689453125,0.9998661279678345
9349,0.001277837436646223,60.585205078125,0.9998664855957031
9359,0.0011907306034117937,60.642333984375,0.9998754262924194
9369,0.0012197369942441583,60.556396484375,0.9998723268508911
9379,0.0011746888048946857,60.675048828125,0.9998781681060791
9389,0.0010911133140325546,60.6669921875,0.9998855590820312
9399,0.0012346070725470781,60.5986328125,0.9998696446418762
9409,0.0011219675652682781,60.555419921875,0.9998834729194641
9419,0.0011961208656430244,60.568115234375,0.9998761415481567
9429,0.0011554297525435686,60.5263671875,0.9998786449432373
9439,0.0012548408703878522,60.5185546875,0.9998700618743896
9449,0.0011245158966630697,60.599853515625,0.9998821020126343
9459,0.0012250540312379599,60.498291015625,0.9998719096183777
9469,0.001146235503256321,60.495849609375,0.9998792409896851
9479,0.0012123557971790433,60.683837890625,0.9998729825019836
9489,0.0012440350838005543,60.47119140625,0.9998693466186523
9499,0.0011086890008300543,60.5400390625,0.9998839497566223
9509,0.0012595171574503183,60.387939453125,0.9998676776885986
9519,0.0011173028033226728,60.499755859375,0.9998830556869507
9529,0.0012745456770062447,60.47412109375,0.9998658299446106
9539,0.0012401426210999489,60.366943359375,0.9998704195022583
9549,0.0011602641316130757,60.3916015625,0.9998774528503418
9559,0.001178483827970922,60.44970703125,0.9998759031295776
9569,0.0011770871933549643,60.408935546875,0.9998776316642761
9579,0.0012306459248065948,60.14892578125,0.9998716711997986
9589,0.0012398110702633858,60.2412109375,0.9998703598976135
9599,0.0011641945457085967,60.1826171875,0.9998763799667358
9609,0.0011147557524964213,60.370849609375,0.9998834133148193
9619,0.0011797798797488213,60.102783203125,0.9998769760131836
9629,0.0011397732887417078,60.2412109375,0.9998804330825806
9639,0.0011444372357800603,60.096923828125,0.9998786449432373
9649,0.0011231258977204561,60.17431640625,0.9998826384544373
9659,0.0011688931845128536,60.12158203125,0.9998788237571716
9669,0.0012380690313875675,60.005615234375,0.9998717904090881
9679,0.0012340493267402053,60.0126953125,0.9998710751533508
9689,0.0012588794343173504,59.959228515625,0.9998681545257568
9699,0.0011248383671045303,59.95947265625,0.9998830556869507
9709,0.001102750888094306,59.917236328125,0.9998846054077148
9719,0.0013411261606961489,59.8603515625,0.9998599886894226
9729,0.0011369994608685374,59.816650390625,0.999880313873291
9739,0.0012008026242256165,59.839111328125,0.9998751878738403
9749,0.0011801498476415873,59.860595703125,0.999876856803894
9759,0.001122477580793202,59.781494140625,0.9998829364776611
9769,0.0010961431544274092,59.743408203125,0.9998857975006104
9779,0.0011165570467710495,59.76318359375,0.9998829960823059
9789,0.0010878280736505985,59.715087890625,0.9998853206634521
9799,0.0010755518451333046,59.695068359375,0.999887228012085
9809,0.0012485801707953215,59.62890625,0.9998690485954285
9819,0.0012167578097432852,59.727294921875,0.9998714327812195
9829,0.0011996801476925611,59.608154296875,0.9998738765716553
9839,0.0010142475366592407,59.5859375,0.9998937249183655
9849,0.0011486465809866786,59.542236328125,0.9998806118965149
9859,0.0010316872503608465,59.587890625,0.9998936653137207
9869,0.001137581537477672,59.53955078125,0.9998809695243835
9879,0.0010871387785300612,59.48828125,0.9998860955238342
9889,0.0010665352456271648,59.58740234375,0.999889075756073
9899,0.0011072448687627912,59.59033203125,0.9998840689659119
9909,0.0011587425833567977,59.529541015625,0.9998793601989746
9919,0.001100161811336875,59.513427734375,0.9998854994773865
9929,0.001127694733440876,59.453857421875,0.9998820424079895
9939,0.0010947923874482512,59.52294921875,0.9998844861984253
9949,0.001027922728098929,59.450927734375,0.9998926520347595
9959,0.0010560249211266637,59.491455078125,0.9998887181282043
9969,0.001100353430956602,59.445556640625,0.9998836517333984
9979,0.0011302703060209751,59.437255859375,0.9998822808265686
9989,0.0010342698078602552,59.3359375,0.9998910427093506
9999,0.001054096850566566,59.368896484375,0.9998897314071655
10009,0.001107526826672256,59.299072265625,0.9998832941055298
10019,0.0010681810090318322,59.309326171875,0.9998863339424133
10029,0.0011215254198759794,59.31787109375,0.9998840093612671
10039,0.0011525654699653387,59.351318359375,0.9998796582221985
10049,0.001169172814115882,59.275390625,0.999877393245697
10059,0.001139290863648057,59.243896484375,0.9998790621757507
10069,0.0011082050623372197,59.258056640625,0.9998832941055298
10079,0.0012115596327930689,59.20361328125,0.9998721480369568
10089,0.0012473249807953835,59.1240234375,0.999869167804718
10099,0.0011913497000932693,59.094970703125,0.9998748898506165
10109,0.0010495658498257399,59.284912109375,0.9998899102210999
10119,0.0012110760435461998,59.057373046875,0.9998721480369568
10129,0.0011478732340037823,59.17578125,0.9998796582221985
10139,0.0012214600574225187,59.07861328125,0.9998729228973389
10149,0.0011835345067083836,59.048583984375,0.9998741745948792
10159,0.0012115414720028639,59.136962890625,0.9998729228973389
10169,0.0011426206910982728,59.042724609375,0.9998801350593567
10179,0.0010878595057874918,59.15966796875,0.9998881220817566
10189,0.0011500308755785227,59.06396484375,0.9998796582221985
10199,0.0011480508837848902,58.990234375,0.9998789429664612
10209,0.001173781929537654,58.984130859375,0.9998767971992493
10219,0.0010888390243053436,59.072265625,0.9998872876167297
10229,0.00110979238525033,59.001708984375,0.9998845458030701
10239,0.0011485163122415543,58.9560546875,0.9998794794082642
10249,0.0012071733362972736,58.87744140625,0.9998741745948792
10259,0.0011801159707829356,58.953369140625,0.9998749494552612
10269,0.0011796229518949986,58.96533203125,0.9998773336410522
10279,0.0011374105233699083,58.9453125,0.9998812079429626
10289,0.0011777733452618122,58.8994140625,0.9998778104782104
10299,0.0011128989281132817,58.89111328125,0.9998836517333984
10309,0.0010728784836828709,58.849853515625,0.9998893141746521
10319,0.001022299169562757,58.853759765625,0.9998912215232849
10329,0.0009381612180732191,58.91943359375,0.9999023079872131
10339,0.0009794606594368815,58.7216796875,0.9998971819877625
10349,0.0009594945004209876,58.766357421875,0.9998995661735535
10359,0.0009802741697058082,58.7626953125,0.9998969435691833
10369,0.0010729406494647264,58.8544921875,0.9998877048492432
10379,0.001025745994411409,58.722900390625,0.9998924732208252
10389,0.0010141069069504738,58.788818359375,0.9998940825462341
10399,0.0010780035518109798,58.724853515625,0.999886155128479
10409,0.0010133283212780952,58.70703125,0.9998940229415894
10419,0.0010991212911903858,58.75439453125,0.9998852014541626
10429,0.0010916138999164104,58.714111328125,0.999886155128479
10439,0.0011385083198547363,58.676025390625,0.9998798966407776
10449,0.00104242202360183,58.802978515625,0.9998919367790222
10459,0.0010212298948317766,58.7451171875,0.9998931884765625
10469,0.0010647315066307783,58.717529296875,0.9998871088027954
10479,0.0011359285563230515,58.684814453125,0.9998793601989746
10489,0.0009941223543137312,58.70166015625,0.9998964071273804
10499,0.0011332740541547537,58.652099609375,0.9998819231987
10509,0.0010026302188634872,58.630615234375,0.999894380569458
10519,0.00112094113137573,58.67236328125,0.9998830556869507
10529,0.001008792081847787,58.73388671875,0.9998946785926819
10539,0.0010285759344696999,58.647216796875,0.9998922348022461
10549,0.0010344007750973105,58.69775390625,0.9998914003372192
10559,0.0010642551351338625,58.64599609375,0.999889612197876
10569,0.0012150199618190527,58.639892578125,0.999873697757721
10579,0.0010692151263356209,58.646484375,0.999887228012085
10589,0.001040715491399169,58.751220703125,0.9998922944068909
10599,0.0010558458743616939,58.58447265625,0.9998891949653625
10609,0.0010154378833249211,58.736083984375,0.9998940229415894
10619,0.00098537583835423,58.6806640625,0.9998973608016968
10629,0.0009791301563382149,58.69873046875,0.9998974204063416
10639,0.0010161264799535275,58.537109375,0.9998939037322998
10649,0.0010177288204431534,58.65576171875,0.9998925924301147
10659,0.0010613842168822885,58.6474609375,0.9998899102210999
10669,0.0009899318683892488,58.640380859375,0.9998969435691833
10679,0.0010170161258429289,58.633056640625,0.9998937845230103
10689,0.0010394470300525427,58.73876953125,0.9998926520347595
10699,0.0009557115845382214,58.663818359375,0.999898374080658
10709,0.0010303843300789595,58.624267578125,0.9998918771743774
10719,0.0010207140585407615,58.75146484375,0.9998939633369446
10729,0.0010557486675679684,58.6572265625,0.9998903274536133
10739,0.0010284557938575745,58.620849609375,0.9998921751976013
10749,0.0011201112065464258,58.600830078125,0.9998838305473328
10759,0.0009934399276971817,58.6103515625,0.9998958110809326
10769,0.0010344318579882383,58.544677734375,0.9998921155929565
10779,0.0011148354969918728,58.5087890625,0.9998828172683716
10789,0.0010082931257784367,58.540771484375,0.9998941421508789
10799,0.0010541307274252176,58.63427734375,0.9998903274536133
10809,0.001022057025693357,58.653076171875,0.9998928904533386
10819,0.0011150811333209276,58.597412109375,0.9998834729194641
10829,0.0010980467777699232,58.530517578125,0.9998854994773865
10839,0.0010818741284310818,58.42724609375,0.9998867511749268
10849,0.0010117709171026945,58.469482421875,0.9998950362205505
10859,0.00101255823392421,58.515380859375,0.9998924136161804
10869,0.0011191732482984662,58.477294921875,0.9998823404312134
10879,0.0010436899028718472,58.389892578125,0.9998900294303894
10889,0.0011007566936314106,58.462158203125,0.9998833537101746
10899,0.001023544929921627,58.43701171875,0.9998926520347595
10909,0.0010425362270325422,58.430908203125,0.9998926520347595
10919,0.0010991436429321766,58.492919921875,0.9998846650123596
10929,0.0010698008118197322,58.444091796875,0.9998877048492432
10939,0.0009818666148930788,58.453857421875,0.999896228313446
10949,0.0009908261708915234,58.32958984375,0.9998968839645386
10959,0.001063446863554418,58.356201171875,0.9998891949653625
10969,0.0010122705716639757,58.414306640625,0.9998935461044312
10979,0.0010314718820154667,58.4423828125,0.9998921751976013
10989,0.0009827991016209126,58.33056640625,0.9998977184295654
10999,0.0010797028662636876,58.30615234375,0.9998873472213745
11009,0.0010201154509559274,58.27099609375,0.9998922944068909
11019,0.0011717177694663405,58.2763671875,0.999876856803894
11029,0.0010062545770779252,58.31201171875,0.999895453453064
11039,0.0009977829176932573,58.234619140625,0.9998946785926819
11049,0.0010115776676684618,58.121826171875,0.9998942017555237
11059,0.0010578243527561426,58.068359375,0.9998899698257446
11069,0.0009201242355629802,58.26904296875,0.9999039769172668
11079,0.0010328816715627909,58.184814453125,0.99989253282547
11089,0.0010493900626897812,58.12451171875,0.9998905062675476
11099,0.0009916992858052254,58.056884765625,0.9998950362205505
11109,0.0009596392628736794,58.048095703125,0.9998987317085266
11119,0.001023575197905302,58.00537109375,0.9998922348022461
11129,0.0009855066891759634,57.906005859375,0.999896764755249
11139,0.0009629962150938809,58.099365234375,0.9998994469642639
11149,0.0010173420887440443,57.94189453125,0.999893307685852
11159,0.0010000837501138449,57.884765625,0.9998943209648132
11169,0.0009918133728206158,57.90625,0.999896228313446
11179,0.0009835738455876708,57.959716796875,0.9998961091041565
11189,0.0009728653822094202,57.954833984375,0.9998973608016968
11199,0.000986967934295535,57.861328125,0.9998975992202759
11209,0.0009610600536689162,57.7294921875,0.9998992085456848
11219,0.0009410432539880276,57.752685546875,0.9999005794525146
11229,0.0010988926514983177,57.675537109375,0.9998846054077148
11239,0.001040307804942131,57.753662109375,0.999890923500061
11249,0.0009687679121270776,57.669921875,0.9998978972434998
11259,0.000978980679064989,57.600830078125,0.9998968839645386
11269,0.000909126247279346,57.646240234375,0.9999046325683594
11279,0.0009618913754820824,57.5478515625,0.9998986124992371
11289,0.0009447952033951879,57.474609375,0.9999015927314758
11299,0.0009996575536206365,57.46435546875,0.999894917011261
11309,0.0009243835811503232,57.44580078125,0.9999037384986877
11319,0.0010261182906106114,57.41943359375,0.9998911023139954
11329,0.0009354635258205235,57.453369140625,0.9999018907546997
11339,0.0010679964907467365,57.43701171875,0.9998869895935059
11349,0.0010640807449817657,57.47802734375,0.9998891949653625
11359,0.0009391010971739888,57.35791015625,0.9999016523361206
11369,0.0009226438123732805,57.21435546875,0.999903678894043
11379,0.0009575689909979701,57.324462890625,0.9999008774757385
11389,0.0009140282636508346,57.272216796875,0.9999053478240967
11399,0.0009077236172743142,57.216064453125,0.9999056458473206
11409,0.0009291070746257901,57.19091796875,0.9999016523361206
11419,0.000918162171728909,57.1328125,0.9999041557312012
11429,0.0009290013113059103,57.09716796875,0.9999016523361206
11439,0.001000543823465705,57.18701171875,0.9998955130577087
11449,0.0009927848586812615,57.012451171875,0.9998970031738281
11459,0.0010424504289403558,57.052978515625,0.9998902678489685
11469,0.0009577927994541824,56.9892578125,0.9999000430107117
11479,0.0009990918915718794,57.03125,0.9998944401741028
11489,0.0009749089367687702,56.97900390625,0.9998992681503296
11499,0.0010420983890071511,57.02685546875,0.9998898506164551
11509,0.0011480423854663968,56.99853515625,0.9998795986175537
11519,0.0011767310788854957,56.860107421875,0.9998770356178284
11529,0.0010380082530900836,56.939697265625,0.9998905658721924
11539,0.0011223802575841546,56.776611328125,0.9998828768730164
11549,0.0009545120410621166,56.777587890625,0.9998998045921326
11559,0.0010383378248661757,56.77880859375,0.9998902678489685
11569,0.0010646166047081351,56.6728515625,0.9998888969421387
11579,0.0009737475193105638,56.771728515625,0.9998974204063416
11589,0.001079810201190412,56.762939453125,0.9998878240585327
11599,0.0010465087834745646,56.6767578125,0.9998922944068909
11609,0.0009074596455320716,56.627197265625,0.9999053478240967
11619,0.0009386941674165428,56.6650390625,0.999902069568634
11629,0.0010039166081696749,56.5712890625,0.9998944997787476
11639,0.0011253042612224817,56.58251953125,0.9998813271522522
11649,0.0009466630290262401,56.5,0.9999002814292908
11659,0.0011013480834662914,56.547607421875,0.9998852014541626
11669,0.0010512801818549633,56.434326171875,0.9998890161514282
11679,0.0009926450438797474,56.28369140625,0.9998970627784729
11689,0.0009035693947225809,56.52197265625,0.9999058246612549
11699,0.0009166155941784382,56.43115234375,0.9999036192893982
11709,0.0007999412482604384,56.40087890625,0.9999169707298279
11719,0.0009522853652015328,56.26708984375,0.9998999238014221
11729,0.0009467988274991512,56.3232421875,0.9999021291732788
11739,0.0008809061837382615,56.27294921875,0.9999082088470459
11749,0.0008516676025465131,56.240966796875,0.9999114871025085
11759,0.0008966900641098619,56.09912109375,0.9999060034751892
11769,0.0010494873858988285,56.0986328125,0.9998905062675476
11779,0.001418581698089838,56.0771484375,0.9998551607131958
11789,0.000881156069226563,55.9453125,0.9999073147773743
11799,0.0009178498294204473,55.943115234375,0.9999057650566101
11809,0.0008897229563444853,55.952880859375,0.9999067783355713
11819,0.0008461796678602695,55.87255859375,0.9999106526374817
11829,0.000850077485665679,55.8779296875,0.9999110102653503
11839,0.0009204744128510356,55.74169921875,0.9999038577079773
11849,0.0008856682688929141,55.835205078125,0.9999069571495056
11859,0.0008714783471077681,55.697998046875,0.9999085664749146
11869,0.0010160019155591726,55.67236328125,0.9998927712440491
11879,0.0008715848671272397,55.716064453125,0.9999083876609802
11889,0.0010025002993643284,55.598876953125,0.9998953938484192
11899,0.0009496326092630625,55.64404296875,0.9998995661735535
11909,0.0011254963465034962,55.547607421875,0.9998823404312134
11919,0.0008714944706298411,55.587646484375,0.999908447265625
11929,0.001007879851385951,55.4755859375,0.9998942613601685
11939,0.0009608806576579809,55.357666015625,0.9998990297317505
11949,0.0008723696228116751,55.473388671875,0.9999092221260071
11959,0.0009253781754523516,55.381591796875,0.9999027252197266
11969,0.0009672399028204381,55.4091796875,0.9999001622200012
11979,0.0009298856020905077,55.41845703125,0.9999028444290161
11989,0.0009548722882755101,55.329833984375,0.9999004006385803
11999,0.001121283508837223,55.39404296875,0.9998824596405029
12009,0.0009083679178729653,55.35009765625,0.9999051690101624
12019,0.0009368768660351634,55.21630859375,0.9999027848243713
12029,0.0008722043712623417,55.328857421875,0.9999080896377563
12039,0.0009865169413387775,55.240478515625,0.999896228313446
12049,0.0010167384753003716,55.26953125,0.9998922944068909
12059,0.001008770428597927,55.13525390625,0.9998942613601685
12069,0.0010137163335457444,55.129150390625,0.9998922944068909
12079,0.0009909570217132568,55.188720703125,0.9998958706855774
12089,0.0009445586474612355,55.09423828125,0.9999016523361206
12099,0.0009115207940340042,55.168701171875,0.9999039769172668
12109,0.0008832808816805482,55.06982421875,0.9999073147773743
12119,0.0008791694417595863,55.124755859375,0.9999081492424011
12129,0.0009752425830811262,55.076904296875,0.9998975396156311
12139,0.0010172633919864893,55.041748046875,0.9998931884765625
12149,0.0009517746511846781,55.010986328125,0.9999011754989624
12159,0.000860527390614152,55.078369140625,0.9999092817306519
12169,0.0009059261064976454,55.008544921875,0.9999048113822937
12179,0.0009575665462762117,54.993408203125,0.9998995661735535
12189,0.0009831968927755952,54.947265625,0.9998970627784729
12199,0.0009968745289370418,55.0048828125,0.9998949766159058
12209,0.0008494718349538743,55.028076171875,0.9999110698699951
12219,0.000962832011282444,54.962158203125,0.9998999834060669
12229,0.0008806905243545771,54.901123046875,0.9999071955680847
12239,0.0008760815253481269,54.910400390625,0.9999083280563354
12249,0.0008926670998334885,54.919921875,0.999905526638031
12259,0.0008521434501744807,54.888916015625,0.9999106526374817
12269,0.00088045175652951,54.839111328125,0.9999087452888489
12279,0.0008293534629046917,54.886474609375,0.9999130368232727
12289,0.0009314002236351371,54.87353515625,0.9999025464057922
12299,0.0009138743043877184,54.945556640625,0.9999039173126221
12309,0.0009314002236351371,54.823486328125,0.9999018907546997
12319,0.0008148988708853722,54.885986328125,0.9999145269393921
12329,0.000904180807992816,54.817626953125,0.9999054670333862
12339,0.0008526709862053394,54.7197265625,0.9999093413352966
12349,0.0008905131835490465,54.7880859375,0.9999070167541504
12359,0.0009540106984786689,54.687744140625,0.9998998045921326
12369,0.0008002459071576595,54.804931640625,0.9999158382415771
12379,0.000917649595066905,54.71728515625,0.999904453754425
12389,0.0009145410149358213,54.65673828125,0.9999034404754639
12399,0.0008844817639328539,54.675048828125,0.9999077916145325
12409,0.0008406070992350578,54.745849609375,0.9999132752418518
12419,0.0009510856471024454,54.587890625,0.9999011754989624
12429,0.0009152201237156987,54.617919921875,0.9999035000801086
12439,0.0008565057069063187,54.617919921875,0.9999101161956787
12449,0.0008378566708415747,54.582275390625,0.9999122619628906
12459,0.0008437117212451994,54.592529296875,0.9999108910560608
12469,0.0008560069836676121,54.55859375,0.9999101758003235
12479,0.0007886218372732401,54.5556640625,0.9999173283576965
12489,0.0008652235846966505,54.56201171875,0.9999092817306519
12499,0.0007886835373938084,54.5029296875,0.9999175071716309
12509,0.0008609411306679249,54.408935546875,0.9999097585678101
12519,0.0008440205128863454,54.40087890625,0.9999116063117981
12529,0.0008770528947934508,54.407470703125,0.9999079704284668
12539,0.0008329348638653755,54.399169921875,0.9999130368232727
12549,0.0008872976759448647,54.282470703125,0.999906063079834
12559,0.0008123149746097624,54.295654296875,0.9999143481254578
12569,0.0008308772812597454,54.2744140625,0.9999133944511414
12579,0.0007850516703911126,54.340087890625,0.9999180436134338
12589,0.0008310250705108047,54.247802734375,0.9999128580093384
12599,0.0008724207291379571,54.21728515625,0.9999080300331116
12609,0.0009004538296721876,54.3017578125,0.9999056458473206
12619,0.000821522087790072,54.095947265625,0.9999130368232727
12629,0.000839094805996865,54.197509765625,0.9999122619628906
12639,0.0008210274390876293,54.22119140625,0.999914288520813
12649,0.0008045597933232784,54.135498046875,0.9999152421951294
12659,0.0007627415470778942,54.141845703125,0.999920129776001
12669,0.0008065382717177272,53.966064453125,0.9999154806137085
12679,0.0008459318196401,54.033203125,0.9999111294746399
12689,0.0009625476086512208,54.19921875,0.9998987317085266
12699,0.000764761061873287,54.08642578125,0.9999204277992249
12709,0.0007932217558845878,54.0986328125,0.9999166131019592
12719,0.0008109407499432564,54.025390625,0.9999150037765503
12729,0.0009538070880807936,53.99560546875,0.9998999834060669
12739,0.0008908353047445416,54.01904296875,0.999906599521637
12749,0.0010121664963662624,54.03955078125,0.9998944401741028
12759,0.0008881583344191313,53.97900390625,0.9999068379402161
12769,0.0008870639721862972,53.96728515625,0.9999077916145325
12779,0.0008422769024036825,53.890869140625,0.9999120235443115
12789,0.001106190960854292,53.876953125,0.999885082244873
12799,0.000873252865858376,53.93603515625,0.9999088644981384
12809,0.0008242067997343838,54.02685546875,0.9999134540557861
12819,0.0009695268818177283,53.81787109375,0.9998982548713684
12829,0.0008263455820269883,53.88330078125,0.99991375207901
12839,0.000906576169654727,53.88525390625,0.9999058842658997
12849,0.0008544437005184591,53.779541015625,0.9999100565910339
12859,0.0008211180102080107,53.8388671875,0.9999135136604309
12869,0.0008239535382017493,53.72802734375,0.9999131560325623
12879,0.0008486073347739875,53.747314453125,0.9999105930328369
12889,0.0008177276467904449,53.7783203125,0.9999145269393921
12899,0.0008756599854677916,53.79052734375,0.9999088048934937
12909,0.0008972744108177722,53.742919921875,0.9999061822891235
12919,0.0008873868500813842,53.72607421875,0.9999066591262817
12929,0.0008106299792416394,53.6689453125,0.9999161958694458
12939,0.0007442166679538786,53.6640625,0.9999220371246338
12949,0.0008274461142718792,53.7255859375,0.9999136924743652
12959,0.0008430390735156834,53.763427734375,0.9999115467071533
12969,0.0008952877251431346,53.696044921875,0.9999057650566101
12979,0.0008030606550164521,53.716064453125,0.9999154806137085
12989,0.0008731978014111519,53.698974609375,0.9999099373817444
12999,0.0008259586757048965,53.69970703125,0.9999147653579712
13009,0.0008983795996755362,53.634033203125,0.9999052882194519
13019,0.0007374396082013845,53.664306640625,0.9999227523803711
13029,0.0008016037754714489,53.572998046875,0.9999154806137085
13039,0.0008381478255614638,53.653076171875,0.9999116659164429
13049,0.0007820622413419187,53.6181640625,0.9999183416366577
13059,0.000761314993724227,53.615478515625,0.9999211430549622
13069,0.00088031857740134,53.575927734375,0.9999083280563354
13079,0.0009530509705655277,53.638427734375,0.9999011754989624
13089,0.000780880160164088,53.57568359375,0.9999200105667114
13099,0.0007745441398583353,53.621826171875,0.9999186992645264
13109,0.0008285073563456535,53.602294921875,0.9999129772186279
13119,0.000779424502979964,53.64404296875,0.9999181032180786
13129,0.000766235520131886,53.55224609375,0.999919056892395
13139,0.0008456422947347164,53.481689453125,0.9999111294746399
13149,0.0008165286853909492,53.55615234375,0.9999144673347473
13159,0.0008313520229421556,53.549560546875,0.999912679195404
13169,0.0008216124842874706,53.54638671875,0.9999136328697205
13179,0.0009207418188452721,53.46240234375,0.9999034404754639
13189,0.0010271503124386072,53.437255859375,0.9998922944068909
13199,0.000880508916452527,53.53125,0.9999067783355713
13209,0.0008214358822442591,53.451904296875,0.9999133348464966
13219,0.0008008712320588529,53.56689453125,0.9999151229858398
13229,0.0009759324020706117,53.41455078125,0.9998984336853027
13239,0.0008612377569079399,53.46875,0.9999107718467712
13249,0.0008407259592786431,53.555908203125,0.9999118447303772
13259,0.0007839043973945081,53.52490234375,0.9999186396598816
13269,0.0007697840919718146,53.41796875,0.9999201893806458
13279,0.0008156239055097103,53.451416015625,0.9999156594276428
13289,0.0008360645151697099,53.37744140625,0.9999127984046936
13299,0.0008290067198686302,53.4619140625,0.9999134540557861
13309,0.0007740996079519391,53.471923828125,0.9999192953109741
13319,0.0008221215102821589,53.2734375,0.9999135136604309
13329,0.0008616585982963443,53.430908203125,0.9999105334281921
13339,0.000782497227191925,53.501708984375,0.99991774559021
13349,0.000865996174979955,53.392822265625,0.9999098181724548
13359,0.0008257623994722962,53.457763671875,0.9999147653579712
13369,0.0008250627433881164,53.34033203125,0.9999129176139832
13379,0.000821324298158288,53.371337890625,0.9999139904975891
13389,0.0007958103669807315,53.3095703125,0.9999167323112488
13399,0.0008624255424365401,53.38720703125,0.9999111294746399
13409,0.00090365472715348,53.3896484375,0.9999058842658997
13419,0.0008118348196148872,53.27490234375,0.9999151825904846
13429,0.0008286917000077665,53.3720703125,0.9999136328697205
13439,0.0008392618037760258,53.351318359375,0.9999138712882996
13449,0.0008798624621704221,53.262939453125,0.9999081492424011
13459,0.0008189226500689983,53.3876953125,0.999915361404419
13469,0.0008883988484740257,53.289306640625,0.9999073147773743
13479,0.0008562076836824417,53.30126953125,0.9999098181724548
13489,0.0009092080872505903,53.2646484375,0.9999053478240967
13499,0.0007864101207815111,53.227783203125,0.9999178051948547
13509,0.0007468583062291145,53.296630859375,0.9999216198921204
13519,0.0007009508553892374,53.27587890625,0.9999272227287292
13529,0.0008167328778654337,53.180908203125,0.9999143481254578
13539,0.0008558942354284227,53.100341796875,0.9999081492424011
13549,0.0007728413329459727,53.174072265625,0.999919056892395
13559,0.0007745210896246135,53.16748046875,0.9999197125434875
13569,0.000845236936584115,53.135986328125,0.9999115467071533
13579,0.0007542170351371169,53.22705078125,0.9999222159385681
13589,0.0006990882684476674,53.201904296875,0.9999266266822815
13599,0.000843751709908247,53.094482421875,0.9999107718467712
13609,0.0006946663488633931,53.14013671875,0.999927282333374
13619,0.0008309656986966729,53.062744140625,0.9999131560325623
13629,0.0009047489147633314,53.0869140625,0.9999058246612549
13639,0.000868156086653471,53.099365234375,0.9999098777770996
13649,0.0008768443367443979,53.067138671875,0.9999082684516907
13659,0.0008207866922020912,53.059326171875,0.9999128580093384
13669,0.0008393317693844438,53.010009765625,0.9999125599861145
13679,0.0008508220198564231,52.97265625,0.9999105930328369
13689,0.0008508444298058748,52.967529296875,0.9999111890792847
13699,0.0007947657140903175,52.98095703125,0.99991774559021
13709,0.0009303407277911901,52.885009765625,0.9999039173126221
13719,0.0008928978350013494,53.0205078125,0.9999063611030579
13729,0.0008398279314860702,52.964599609375,0.9999123811721802
13739,0.0007937190239317715,52.94677734375,0.9999165534973145
13749,0.0008834826294332743,52.9541015625,0.9999072551727295
13759,0.0009144678479060531,52.842041015625,0.9999042749404907
13769,0.0008729594992473722,52.837890625,0.9999086260795593
13779,0.0008419995428994298,52.93408203125,0.9999118447303772
13789,0.0007633317145518959,52.906494140625,0.9999201893806458
13799,0.0008173017995432019,52.76220703125,0.9999146461486816
13809,0.0008091146592050791,52.875244140625,0.9999164938926697
13819,0.0008099053520709276,52.9375,0.9999160170555115
13829,0.0007757490966469049,52.744873046875,0.9999189376831055
13839,0.0008220411837100983,52.80712890625,0.9999140501022339
13849,0.0007850001566112041,52.873779296875,0.9999178647994995
13859,0.0008687025401741266,52.715087890625,0.9999088048934937
13869,0.0008360513602383435,52.842529296875,0.9999126195907593
13879,0.000817182706668973,52.779296875,0.9999145865440369
13889,0.0008413977921009064,52.75732421875,0.999911904335022
13899,0.0008236400317400694,52.697998046875,0.99991375207901
13909,0.0007927851402200758,52.773193359375,0.9999178051948547
13919,0.0007681810529902577,52.794677734375,0.9999194741249084
13929,0.0008943399880081415,52.802978515625,0.9999080300331116
13939,0.0008140643476508558,52.76123046875,0.9999142289161682
13949,0.0008809680584818125,52.6767578125,0.999908447265625
13959,0.0007484100642614067,52.6572265625,0.9999217987060547
13969,0.000839827349409461,52.62109375,0.9999116063117981
13979,0.0007645674049854279,52.7177734375,0.9999194741249084
13989,0.0007665706798434258,52.66064453125,0.9999191164970398
13999,0.0008620183216407895,52.642333984375,0.9999098181724548
14009,0.0007939948700368404,52.777099609375,0.9999185800552368
14019,0.000749982544220984,52.67724609375,0.9999217391014099
14029,0.0007159530068747699,52.611328125,0.9999251961708069
14039,0.0008019612869247794,52.640869140625,0.9999161958694458
14049,0.0008358479244634509,52.576416015625,0.9999130964279175
14059,0.0008336796308867633,52.522216796875,0.999911904335022
14069,0.0008201317978091538,52.553466796875,0.99991375207901
14079,0.000740405754186213,52.534423828125,0.9999226331710815
14089,0.0008546984172426164,52.622802734375,0.9999103546142578
14099,0.0009107375517487526,52.553955078125,0.9999045729637146
14109,0.0008599308785051107,52.520751953125,0.9999114871025085
14119,0.0008101054700091481,52.550048828125,0.9999147057533264
14129,0.000850364682264626,52.483642578125,0.9999121427536011
14139,0.0008982880972325802,52.5078125,0.9999053478240967
14149,0.000803992385044694,52.523193359375,0.9999156594276428
14159,0.000736923364456743,52.501220703125,0.9999224543571472
14169,0.0007924928213469684,52.536376953125,0.9999160766601562
14179,0.0007868002285249531,52.515625,0.9999175667762756
14189,0.0008815375622361898,52.577880859375,0.9999075531959534
14199,0.0008434911724179983,52.466796875,0.9999115467071533
14209,0.0008508781320415437,52.475830078125,0.9999111890792847
14219,0.0008242568001151085,52.48388671875,0.9999133944511414
14229,0.0007628827588632703,52.408203125,0.999920129776001
14239,0.0008074580691754818,52.415283203125,0.9999162554740906
14249,0.0007819208549335599,52.44775390625,0.9999176859855652
14259,0.0006891487864777446,52.337890625,0.9999282956123352
14269,0.000751115963794291,52.262939453125,0.9999212026596069
14279,0.0007133341860026121,52.427978515625,0.9999241828918457
14289,0.0007102918461896479,52.378173828125,0.9999261498451233
14299,0.0007413364946842194,52.346435546875,0.9999220371246338
14309,0.0007279433775693178,52.33984375,0.9999232888221741
14319,0.0007598250522278249,52.345458984375,0.9999197125434875
14329,0.0006766458973288536,52.3125,0.9999293684959412
14339,0.0007169614546000957,52.33203125,0.9999259114265442
14349,0.0007203264976851642,52.323974609375,0.9999241828918457
14359,0.0007832557894289494,52.309814453125,0.9999176263809204
14369,0.0008114004740491509,52.27001953125,0.9999135732650757
14379,0.000765786156989634,52.2080078125,0.9999198913574219
14389,0.0007870994159020483,52.24072265625,0.9999174475669861
14399,0.0007292695809155703,52.310546875,0.9999240636825562
14409,0.0008067823946475983,52.23876953125,0.9999151825904846
14419,0.0008102116407826543,52.232666015625,0.9999143481254578
14429,0.0007622421253472567,52.26171875,0.9999203085899353
14439,0.0007573653128929436,52.157470703125,0.9999207258224487
14449,0.000949373934417963,52.29541015625,0.9999018907546997
14459,0.0008323461515828967,52.210693359375,0.999912679195404
14469,0.000800550973508507,52.181884765625,0.999915599822998
14479,0.0007794454577378929,52.10693359375,0.9999187588691711
14489,0.0007892938447184861,52.200439453125,0.9999184012413025
14499,0.0008454840863123536,52.133544921875,0.9999129176139832
14509,0.0008281120099127293,52.121337890625,0.9999127984046936
14519,0.0007223987486213446,52.225341796875,0.9999246001243591
14529,0.0008039494859986007,52.1826171875,0.9999165534973145
14539,0.000895131379365921,52.176513671875,0.9999067187309265
14549,0.0007303772727027535,52.128173828125,0.9999234676361084
14559,0.0008385529508814216,52.083740234375,0.9999129772186279
14569,0.000877426122315228,52.057861328125,0.9999074339866638
14579,0.0008017139043658972,52.062744140625,0.9999152421951294
14589,0.0008118451805785298,52.04931640625,0.9999140501022339
14599,0.0008081862470135093,52.09912109375,0.9999153017997742
14609,0.0008426278363913298,52.0654296875,0.9999121427536011
14619,0.0007525691180489957,52.1103515625,0.9999216794967651
14629,0.000800865818746388,52.042236328125,0.9999159574508667
14639,0.0008193891262635589,52.011474609375,0.9999147653579712
14649,0.0007767492206767201,52.02587890625,0.9999181032180786
14659,0.0008728762622922659,51.9814453125,0.9999104738235474
14669,0.0008167510386556387,52.018798828125,0.9999150633811951
14679,0.0008153137750923634,52.00048828125,0.9999139308929443
14689,0.0007744814502075315,51.921142578125,0.9999191761016846
14699,0.000795839645434171,51.913330078125,0.9999163746833801
14709,0.0008918060339055955,51.998046875,0.9999071955680847
14719,0.0007248931797221303,51.98291015625,0.9999239444732666
14729,0.0008978648111224174,51.961181640625,0.9999081492424011
14739,0.0007501081563532352,51.893310546875,0.9999222755432129
14749,0.00082287413533777,51.877197265625,0.9999140501022339
14759,0.0006995622534304857,51.93359375,0.9999268054962158
14769,0.0006863669841550291,51.758544921875,0.9999282956123352
14779,0.0007748986827209592,51.802001953125,0.9999192357063293
14789,0.0007195252692326903,51.84619140625,0.9999251961708069
14799,0.0007737342384643853,51.85595703125,0.9999184012413025
14809,0.0007287024054676294,51.858154296875,0.9999236464500427
14819,0.0007711416692472994,51.810546875,0.999919056892395
14829,0.0010135540505871177,51.788818359375,0.9998940229415894
14839,0.0007005574880167842,51.831787109375,0.9999265670776367
14849,0.0006970686372369528,51.832763671875,0.9999271035194397
14859,0.000741281546652317,51.654541015625,0.999921977519989
14869,0.0007996830390766263,51.73876953125,0.9999166131019592
14879,0.0007056451868265867,51.760009765625,0.9999258518218994
14889,0.000768468773458153,51.7861328125,0.9999198317527771
14899,0.0007124367402866483,51.7421875,0.9999254941940308
14909,0.0007246877066791058,51.717041015625,0.9999231696128845
14919,0.0007759195286780596,51.737060546875,0.999919056892395
14929,0.0007266744505614042,51.685302734375,0.999923050403595
14939,0.000769232283346355,51.67431640625,0.999919593334198
14949,0.0007142520626075566,51.6708984375,0.9999241828918457
14959,0.0007370836101472378,51.655029296875,0.9999226331710815
14969,0.000707529135979712,51.637939453125,0.999925971031189
14979,0.0007138786604627967,51.60986328125,0.9999256134033203
14989,0.000744489545468241,51.622314453125,0.9999225735664368
14999,0.0008124737069010735,51.64599609375,0.9999145269393921
15009,0.0007177802035585046,51.6171875,0.9999253153800964
15019,0.0007813958800397813,51.5146484375,0.9999180436134338
15029,0.0006756356451660395,51.600830078125,0.9999292492866516
15039,0.0007222941494546831,51.618896484375,0.9999245405197144
15049,0.0006979181198403239,51.5380859375,0.9999279379844666
15059,0.0007448123651556671,51.502197265625,0.9999221563339233
15069,0.0007362468168139458,51.51513671875,0.9999229907989502
15079,0.000752213061787188,51.627197265625,0.9999219179153442
15089,0.0006513569387607276,51.52392578125,0.999933123588562
15099,0.0007269736961461604,51.513427734375,0.9999241828918457
15109,0.0007179352687671781,51.517578125,0.9999238848686218
15119,0.0007513485616073012,51.451171875,0.9999215602874756
15129,0.0007783698383718729,51.464111328125,0.9999188780784607
15139,0.0007659787661395967,51.484375,0.9999199509620667
15149,0.0006954417913220823,51.533203125,0.9999268054962158
15159,0.0007518860511481762,51.403076171875,0.9999215602874756
15169,0.0007496804464608431,51.32177734375,0.9999213814735413
15179,0.000675935298204422,51.43798828125,0.9999291896820068
15189,0.0007057512411847711,51.427978515625,0.9999269247055054
15199,0.0006673970492556691,51.387451171875,0.9999291896820068
15209,0.0007918071933090687,51.4033203125,0.9999165534973145
15219,0.000727867940440774,51.334716796875,0.9999240040779114
15229,0.0006173605215735734,51.3251953125,0.9999352097511292
15239,0.0007024668739177287,51.380615234375,0.9999263882637024
15249,0.0007068559643812478,51.337158203125,0.9999257922172546
15259,0.0007609114400111139,51.30419921875,0.9999210834503174
15269,0.0006858960259705782,51.265869140625,0.9999285340309143
15279,0.0007632821216247976,51.23388671875,0.9999197721481323
15289,0.0006598586332984269,51.28271484375,0.9999306201934814
15299,0.0006728306761942804,51.2802734375,0.9999297857284546
15309,0.0007122404640540481,51.359375,0.9999263286590576
15319,0.0006657058256678283,51.39208984375,0.999930202960968
15329,0.0008453598711639643,51.258544921875,0.9999110698699951
15339,0.0006947092479094863,51.28759765625,0.9999269247055054
15349,0.0007377590518444777,51.241943359375,0.9999229907989502
15359,0.0007345430785790086,51.235595703125,0.9999228119850159
15369,0.0007875195005908608,51.340087890625,0.9999182820320129
15379,0.0007144974661059678,51.208740234375,0.9999246001243591
15389,0.0007091943407431245,51.316650390625,0.9999260902404785
15399,0.0006864905008114874,51.309814453125,0.9999276995658875
15409,0.0006635100580751896,51.253662109375,0.9999295473098755
15419,0.0007528381538577378,51.254150390625,0.9999216198921204
15429,0.0006967779481783509,51.25341796875,0.9999274015426636
15439,0.0006732671754434705,51.237060546875,0.999929666519165
15449,0.0006955766002647579,51.257568359375,0.9999269843101501
15459,0.0006912196986377239,51.236083984375,0.9999279379844666
15469,0.0006753887282684445,51.204345703125,0.9999289512634277
15479,0.0007349118823185563,51.1962890625,0.9999226331710815
15489,0.0007395169232040644,51.205078125,0.9999229907989502
15499,0.0007215237710624933,51.2724609375,0.9999250173568726
15509,0.0007280063000507653,51.16796875,0.9999243021011353
15519,0.0007000765763223171,51.22119140625,0.9999262690544128
15529,0.0007014917209744453,51.08642578125,0.9999256730079651
15539,0.000763736548833549,51.0830078125,0.9999200701713562
15549,0.0006636437610723078,51.154052734375,0.9999298453330994
15559,0.0006732558831572533,51.140380859375,0.9999302625656128
15569,0.0007500109495595098,51.104736328125,0.9999217987060547
15579,0.0006756797665730119,51.134033203125,0.9999290108680725
15589,0.0007101867813616991,51.13916015625,0.9999247789382935
15599,0.0007350132800638676,51.13330078125,0.9999234080314636
15609,0.0006976337172091007,51.0849609375,0.9999269247055054
15619,0.0007601224351674318,51.126708984375,0.9999186396598816
15629,0.0006992911803536117,51.1923828125,0.9999268054962158
15639,0.0006867342162877321,51.1123046875,0.9999281167984009
15649,0.0006873009842820466,51.089599609375,0.9999268651008606
15659,0.0006799109396524727,51.171875,0.9999287724494934
15669,0.0007080599898472428,51.1357421875,0.9999265074729919
15679,0.0006961284670978785,51.14697265625,0.9999276399612427
15689,0.0006989502580836415,51.197265625,0.9999269247055054
15699,0.000733613152988255,51.142578125,0.9999232888221741
15709,0.0006452139932662249,51.02197265625,0.9999326467514038
15719,0.0007534829201176763,51.090576171875,0.9999215602874756
15729,0.0006911022937856615,51.1748046875,0.99992835521698
15739,0.0007346395286731422,51.038330078125,0.9999220967292786
15749,0.0007231482304632664,51.022216796875,0.9999244809150696
15759,0.0006967001827433705,51.068603515625,0.9999275207519531
15769,0.000655208365060389,51.083251953125,0.9999315738677979
15779,0.0007149006705731153,51.074462890625,0.9999252557754517
15789,0.0006776487571187317,51.1259765625,0.9999294281005859
15799,0.0006431747460737824,51.113525390625,0.9999328255653381
15809,0.0006834103260189295,51.002197265625,0.9999281764030457
15819,0.0007023680955171585,51.091064453125,0.9999263286590576
15829,0.0007212682394310832,51.0703125,0.9999248385429382
15839,0.0006440052529796958,50.9765625,0.9999317526817322
15849,0.0006889810902066529,51.028564453125,0.99992835521698
15859,0.0006475398549810052,51.05810546875,0.999931812286377
15869,0.0007461630157195032,51.100830078125,0.9999226331710815
15879,0.0007241463754326105,51.005615234375,0.9999244809150696
15889,0.0006813228246755898,51.062255859375,0.9999291300773621
15899,0.0006766429869458079,51.036865234375,0.9999290108680725
15909,0.000675383023917675,51.043212890625,0.999930202960968
15919,0.0006742245750501752,50.982666015625,0.99992835521698
15929,0.000662726117298007,51.14208984375,0.9999305009841919
15939,0.0007110495935194194,51.05126953125,0.9999246597290039
15949,0.0007005986990407109,51.098388671875,0.9999259114265442
15959,0.0006792377680540085,51.0654296875,0.9999295473098755
15969,0.0007255305536091328,51.022216796875,0.999923586845398
15979,0.0006627630209550261,51.09912109375,0.9999306797981262
15989,0.0006528039812110364,51.0849609375,0.9999319314956665
15999,0.0006522087496705353,51.09033203125,0.9999318718910217
16009,0.0007062883814796805,51.038330078125,0.9999257922172546
16019,0.000669236236717552,51.09375,0.9999298453330994
16029,0.0006599572370760143,51.131591796875,0.9999319314956665
16039,0.0006900910520926118,51.019775390625,0.9999269247055054
16049,0.0006760793039575219,51.0498046875,0.9999299645423889
16059,0.0006969872629269958,51.060546875,0.9999269843101501
16069,0.0006979207973927259,51.07177734375,0.9999274611473083
16079,0.0006103621562942863,51.005859375,0.9999356269836426
16089,0.0006485313642770052,51.00390625,0.9999322295188904
16099,0.000665105995722115,51.00244140625,0.9999297261238098
16109,0.0006227559642866254,51.0732421875,0.9999357461929321
